name,id
John,0
William,1
James,2
Charles,3
George,4
Frank,5
Joseph,6
Thomas,7
Henry,8
Robert,9
Edward,10
Harry,11
Walter,12
Arthur,13
Fred,14
Albert,15
Samuel,16
David,17
Louis,18
Joe,19
Charlie,20
Clarence,21
Richard,22
Andrew,23
Daniel,24
Ernest,25
Will,26
Jesse,27
Oscar,28
Lewis,29
Peter,30
Benjamin,31
Frederick,32
Willie,33
Alfred,34
Sam,35
Roy,36
Herbert,37
Jacob,38
Tom,39
Elmer,40
Carl,41
Lee,42
Howard,43
Martin,44
Michael,45
Bert,46
Herman,47
Jim,48
Francis,49
Harvey,50
Earl,51
Eugene,52
Ralph,53
Ed,54
Claude,55
Edwin,56
Ben,57
Charley,58
Paul,59
Edgar,60
Isaac,61
Otto,62
Luther,63
Lawrence,64
Ira,65
Patrick,66
Guy,67
Oliver,68
Theodore,69
Hugh,70
Clyde,71
Alexander,72
August,73
Floyd,74
Homer,75
Jack,76
Leonard,77
Horace,78
Marion,79
Philip,80
Allen,81
Archie,82
Stephen,83
Chester,84
Willis,85
Raymond,86
Rufus,87
Warren,88
Jessie,89
Milton,90
Alex,91
Leo,92
Julius,93
Ray,94
Sidney,95
Bernard,96
Dan,97
Jerry,98
Calvin,99
Perry,100
Dave,101
Anthony,102
Eddie,103
Amos,104
Dennis,105
Clifford,106
Leroy,107
Wesley,108
Alonzo,109
Garfield,110
Franklin,111
Emil,112
Leon,113
Nathan,114
Harold,115
Matthew,116
Levi,117
Moses,118
Everett,119
Lester,120
Winfield,121
Adam,122
Lloyd,123
Mack,124
Fredrick,125
Jay,126
Jess,127
Melvin,128
Noah,129
Aaron,130
Alvin,131
Norman,132
Gilbert,133
Elijah,134
Victor,135
Gus,136
Nelson,137
Jasper,138
Silas,139
Christopher,140
Jake,141
Mike,142
Percy,143
Adolph,144
Maurice,145
Cornelius,146
Felix,147
Reuben,148
Wallace,149
Claud,150
Roscoe,151
Sylvester,152
Earnest,153
Hiram,154
Otis,155
Simon,156
Willard,157
Irvin,158
Mark,159
Jose,160
Wilbur,161
Abraham,162
Virgil,163
Clinton,164
Elbert,165
Leslie,166
Marshall,167
Owen,168
Wiley,169
Anton,170
Morris,171
Manuel,172
Phillip,173
Augustus,174
Emmett,175
Eli,176
Nicholas,177
Wilson,178
Alva,179
Harley,180
Newton,181
Timothy,182
Marvin,183
Ross,184
Curtis,185
Edmund,186
Jeff,187
Elias,188
Harrison,189
Stanley,190
Columbus,191
Lon,192
Ora,193
Ollie,194
Russell,195
Pearl,196
Solomon,197
Arch,198
Asa,199
Clayton,200
Enoch,201
Irving,202
Mathew,203
Nathaniel,204
Scott,205
Hubert,206
Lemuel,207
Andy,208
Ellis,209
Emanuel,210
Joshua,211
Millard,212
Vernon,213
Wade,214
Cyrus,215
Miles,216
Rudolph,217
Sherman,218
Austin,219
Bill,220
Chas,221
Lonnie,222
Monroe,223
Byron,224
Edd,225
Emery,226
Grant,227
Jerome,228
Max,229
Mose,230
Steve,231
Gordon,232
Abe,233
Pete,234
Chris,235
Clark,236
Gustave,237
Orville,238
Lorenzo,239
Bruce,240
Marcus,241
Preston,242
Bob,243
Dock,244
Donald,245
Jackson,246
Cecil,247
Barney,248
Delbert,249
Edmond,250
Anderson,251
Christian,252
Glenn,253
Jefferson,254
Luke,255
Neal,256
Burt,257
Ike,258
Myron,259
Tony,260
Conrad,261
Joel,262
Matt,263
Riley,264
Vincent,265
Emory,266
Isaiah,267
Nick,268
Ezra,269
Green,270
Juan,271
Clifton,272
Lucius,273
Porter,274
Arnold,275
Bud,276
Jeremiah,277
Taylor,278
Forrest,279
Roland,280
Spencer,281
Burton,282
Don,283
Emmet,284
Gustav,285
Louie,286
Morgan,287
Ned,288
Van,289
Ambrose,290
Chauncey,291
Elisha,292
Ferdinand,293
General,294
Julian,295
Kenneth,296
Mitchell,297
Allie,298
Josh,299
Judson,300
Lyman,301
Napoleon,302
Pedro,303
Berry,304
Dewitt,305
Ervin,306
Forest,307
Lynn,308
Pink,309
Ruben,310
Sanford,311
Ward,312
Douglas,313
Ole,314
Omer,315
Ulysses,316
Walker,317
Wilbert,318
Adelbert,319
Benjiman,320
Ivan,321
Jonas,322
Major,323
Abner,324
Archibald,325
Caleb,326
Clint,327
Dudley,328
Granville,329
King,330
Mary,331
Merton,332
Antonio,333
Bennie,334
Carroll,335
Freeman,336
Josiah,337
Milo,338
Royal,339
Dick,340
Earle,341
Elza,342
Emerson,343
Fletcher,344
Judge,345
Laurence,346
Neil,347
Roger,348
Seth,349
Glen,350
Hugo,351
Jimmie,352
Johnnie,353
Washington,354
Elwood,355
Gust,356
Harmon,357
Jordan,358
Simeon,359
Wayne,360
Wilber,361
Clem,362
Evan,363
Frederic,364
Irwin,365
Junius,366
Lafayette,367
Loren,368
Madison,369
Mason,370
Orval,371
Abram,372
Aubrey,373
Elliott,374
Hans,375
Karl,376
Minor,377
Wash,378
Wilfred,379
Allan,380
Alphonse,381
Dallas,382
Dee,383
Isiah,384
Jason,385
Johnny,386
Lawson,387
Lew,388
Micheal,389
Orin,390
Addison,391
Cal,392
Erastus,393
Francisco,394
Hardy,395
Lucien,396
Randolph,397
Stewart,398
Vern,399
Wilmer,400
Zack,401
Adrian,402
Alvah,403
Bertram,404
Clay,405
Ephraim,406
Fritz,407
Giles,408
Grover,409
Harris,410
Isom,411
Jesus,412
Johnie,413
Jonathan,414
Lucian,415
Malcolm,416
Merritt,417
Otho,418
Perley,419
Rolla,420
Sandy,421
Tomas,422
Wilford,423
Adolphus,424
Angus,425
Arther,426
Carlos,427
Cary,428
Cassius,429
Davis,430
Hamilton,431
Harve,432
Israel,433
Leander,434
Melville,435
Merle,436
Murray,437
Pleasant,438
Sterling,439
Steven,440
Axel,441
Boyd,442
Bryant,443
Clement,444
Erwin,445
Ezekiel,446
Foster,447
Frances,448
Geo,449
Houston,450
Issac,451
Jules,452
Larkin,453
Mat,454
Morton,455
Orlando,456
Pierce,457
Prince,458
Rollie,459
Rollin,460
Sim,461
Stuart,462
Wilburn,463
Bennett,464
Casper,465
Christ,466
Dell,467
Egbert,468
Elmo,469
Fay,470
Gabriel,471
Hector,472
Horatio,473
Lige,474
Saul,475
Smith,476
Squire,477
Tobe,478
Tommie,479
Wyatt,480
Alford,481
Alma,482
Alton,483
Andres,484
Burl,485
Cicero,486
Dean,487
Dorsey,488
Enos,489
Howell,490
Lou,491
Loyd,492
Mahlon,493
Nat,494
Omar,495
Oran,496
Parker,497
Raleigh,498
Reginald,499
Rubin,500
Seymour,501
Wm,502
Young,503
Benjamine,504
Carey,505
Carlton,506
Eldridge,507
Elzie,508
Garrett,509
Isham,510
Johnson,511
Larry,512
Logan,513
Merrill,514
Mont,515
Oren,516
Pierre,517
Rex,518
Rodney,519
Ted,520
Webster,521
West,522
Wheeler,523
Willam,524
Al,525
Aloysius,526
Alvie,527
Anna,528
Art,529
Augustine,530
Bailey,531
Benjaman,532
Beverly,533
Bishop,534
Clair,535
Cloyd,536
Coleman,537
Dana,538
Duncan,539
Dwight,540
Emile,541
Evert,542
Henderson,543
Hunter,544
Jean,545
Lem,546
Luis,547
Mathias,548
Maynard,549
Miguel,550
Mortimer,551
Nels,552
Norris,553
Pat,554
Phil,555
Rush,556
Santiago,557
Sol,558
Sydney,559
Thaddeus,560
Thornton,561
Tim,562
Travis,563
Truman,564
Watson,565
Webb,566
Wellington,567
Winfred,568
Wylie,569
Alec,570
Basil,571
Baxter,572
Bertrand,573
Buford,574
Burr,575
Cleveland,576
Colonel,577
Dempsey,578
Early,579
Ellsworth,580
Fate,581
Finley,582
Gabe,583
Garland,584
Gerald,585
Herschel,586
Hezekiah,587
Justus,588
Lindsey,589
Marcellus,590
Olaf,591
Olin,592
Pablo,593
Rolland,594
Turner,595
Verne,596
Volney,597
Williams,598
Almon,599
Alois,600
Alonza,601
Anson,602
Authur,603
Benton,604
Billie,605
Cornelious,606
Darius,607
Denis,608
Dillard,609
Doctor,610
Elvin,611
Emma,612
Eric,613
Evans,614
Gideon,615
Haywood,616
Hilliard,617
Hosea,618
Lincoln,619
Lonzo,620
Lucious,621
Lum,622
Malachi,623
Newt,624
Noel,625
Orie,626
Palmer,627
Pinkney,628
Shirley,629
Sumner,630
Terry,631
Urban,632
Uriah,633
Valentine,634
Waldo,635
Warner,636
Wong,637
Zeb,638
Abel,639
Alden,640
Archer,641
Avery,642
Carson,643
Cullen,644
Doc,645
Eben,646
Elige,647
Elizabeth,648
Elmore,649
Ernst,650
Finis,651
Freddie,652
Godfrey,653
Guss,654
Hamp,655
Hermann,656
Isadore,657
Isreal,658
Jones,659
June,660
Lacy,661
Lafe,662
Leland,663
Llewellyn,664
Ludwig,665
Manford,666
Maxwell,667
Minnie,668
Obie,669
Octave,670
Orrin,671
Ossie,672
Oswald,673
Park,674
Parley,675
Ramon,676
Rice,677
Stonewall,678
Theo,679
Tillman,680
Addie,681
Aron,682
Ashley,683
Bernhard,684
Bertie,685
Berton,686
Buster,687
Butler,688
Carleton,689
Carrie,690
Clara,691
Clarance,692
Clare,693
Crawford,694
Danial,695
Dayton,696
Dolphus,697
Elder,698
Ephriam,699
Fayette,700
Felipe,701
Fernando,702
Flem,703
Florence,704
Ford,705
Harlan,706
Hayes,707
Henery,708
Hoy,709
Huston,710
Ida,711
Ivory,712
Jonah,713
Justin,714
Lenard,715
Leopold,716
Lionel,717
Manley,718
Marquis,719
Marshal,720
Mart,721
Odie,722
Olen,723
Oral,724
Orley,725
Otha,726
Press,727
Price,728
Quincy,729
Randall,730
Rich,731
Richmond,732
Romeo,733
Russel,734
Rutherford,735
Shade,736
Shelby,737
Solon,738
Thurman,739
Tilden,740
Troy,741
Woodson,742
Worth,743
Aden,744
Alcide,745
Alf,746
Algie,747
Arlie,748
Bart,749
Bedford,750
Benito,751
Billy,752
Bird,753
Birt,754
Bruno,755
Burley,756
Chancy,757
Claus,758
Cliff,759
Clovis,760
Connie,761
Creed,762
Delos,763
Duke,764
Eber,765
Eligah,766
Elliot,767
Elton,768
Emmitt,769
Gene,770
Golden,771
Hal,772
Hardin,773
Harman,774
Hervey,775
Hollis,776
Ivey,777
Jennie,778
Len,779
Lindsay,780
Lonie,781
Lyle,782
Mac,783
Mal,784
Math,785
Miller,786
Orson,787
Osborne,788
Percival,789
Pleas,790
Ples,791
Rafael,792
Raoul,793
Roderick,794
Rose,795
Shelton,796
Sid,797
Theron,798
Tobias,799
Toney,800
Tyler,801
Vance,802
Vivian,803
Walton,804
Watt,805
Weaver,806
Wilton,807
Adolf,808
Albin,809
Albion,810
Allison,811
Alpha,812
Alpheus,813
Anastacio,814
Andre,815
Annie,816
Arlington,817
Armand,818
Asberry,819
Asbury,820
Asher,821
Augustin,822
Auther,823
Author,824
Ballard,825
Blas,826
Caesar,827
Candido,828
Cato,829
Clarke,830
Clemente,831
Colin,832
Commodore,833
Cora,834
Coy,835
Cruz,836
Curt,837
Damon,838
Davie,839
Delmar,840
Dexter,841
Dora,842
Doss,843
Drew,844
Edson,845
Elam,846
Elihu,847
Eliza,848
Elsie,849
Erie,850
Ernie,851
Ethel,852
Ferd,853
Friend,854
Garry,855
Gary,856
Grace,857
Gustaf,858
Hallie,859
Hampton,860
Harrie,861
Hattie,862
Hence,863
Hillard,864
Hollie,865
Holmes,866
Hope,867
Hyman,868
Ishmael,869
Jarrett,870
Jessee,871
Joeseph,872
Junious,873
Kirk,874
Levy,875
Mervin,876
Michel,877
Milford,878
Mitchel,879
Nellie,880
Noble,881
Obed,882
Oda,883
Orren,884
Ottis,885
Rafe,886
Redden,887
Reese,888
Rube,889
Ruby,890
Rupert,891
Salomon,892
Sammie,893
Sanders,894
Soloman,895
Stacy,896
Stanford,897
Stanton,898
Thad,899
Titus,900
Tracy,901
Vernie,902
Wendell,903
Wilhelm,904
Willian,905
Yee,906
Zeke,907
Ab,908
Abbott,909
Agustus,910
Albertus,911
Almer,912
Alphonso,913
Alvia,914
Artie,915
Arvid,916
Ashby,917
Augusta,918
Aurthur,919
Babe,920
Baldwin,921
Barnett,922
Bartholomew,923
Barton,924
Bernie,925
Blaine,926
Boston,927
Brad,928
Bradford,929
Bradley,930
Brooks,931
Buck,932
Budd,933
Ceylon,934
Chalmers,935
Chesley,936
Chin,937
Cleo,938
Crockett,939
Cyril,940
Daisy,941
Denver,942
Dow,943
Duff,944
Edie,945
Edith,946
Elick,947
Elie,948
Eliga,949
Eliseo,950
Elroy,951
Ely,952
Ennis,953
Enrique,954
Erasmus,955
Esau,956
Everette,957
Firman,958
Fleming,959
Flora,960
Gardner,961
Gee,962
Gorge,963
Gottlieb,964
Gregorio,965
Gregory,966
Gustavus,967
Halsey,968
Handy,969
Hardie,970
Harl,971
Hayden,972
Hays,973
Hermon,974
Hershel,975
Holly,976
Hosteen,977
Hoyt,978
Hudson,979
Huey,980
Humphrey,981
Hunt,982
Hyrum,983
Irven,984
Isam,985
Ivy,986
Jabez,987
Jewel,988
Jodie,989
Judd,990
Julious,991
Justice,992
Katherine,993
Kelly,994
Kit,995
Knute,996
Lavern,997
Lawyer,998
Layton,999
Brown,1000
Newell,1001
Carter,1002
Lucas,1003
Ransom,1004
Bee,1005
Meyer,1006
Paris,1007
Byrd,1008
Deforest,1009
Dolph,1010
Harper,1011
Jule,1012
Lambert,1013
Margaret,1014
Ocie,1015
Orange,1016
Reece,1017
Roe,1018
Ambers,1019
Bessie,1020
Collins,1021
Elbridge,1022
Eldon,1023
Elvis,1024
Gaston,1025
Guadalupe,1026
Hartwell,1027
Knox,1028
Lue,1029
Manning,1030
Ola,1031
Reed,1032
Sampson,1033
Samual,1034
Thos,1035
Todd,1036
Tommy,1037
Unknown,1038
Wirt,1039
Woodie,1040
Alice,1041
Alvis,1042
Ammon,1043
Boss,1044
Cas,1045
Cass,1046
Chalmer,1047
Denton,1048
Elsworth,1049
Erving,1050
Fredric,1051
Furman,1052
Helen,1053
Pearlie,1054
Plummer,1055
Presley,1056
Rollo,1057
Roswell,1058
Ruffus,1059
Sheldon,1060
Tilman,1061
York,1062
Acie,1063
Alfonso,1064
Ashton,1065
Burke,1066
Cap,1067
Casimiro,1068
Collie,1069
Curley,1070
Dale,1071
Dixon,1072
Dominick,1073
Garret,1074
Gerrit,1075
Griffin,1076
Hall,1077
Heber,1078
Hurley,1079
Isidore,1080
Lorenza,1081
Marian,1082
Maud,1083
Maude,1084
Murphy,1085
Obe,1086
Orla,1087
Orlo,1088
Orrie,1089
Sebastian,1090
Starling,1091
Tolbert,1092
Whit,1093
Adrien,1094
Alto,1095
Angelo,1096
Antone,1097
Arden,1098
Atticus,1099
Belton,1100
Bertha,1101
Blair,1102
Burrell,1103
Callie,1104
Campbell,1105
Champ,1106
Coley,1107
Conway,1108
Craig,1109
Dalton,1110
Darrell,1111
Darwin,1112
Dennie,1113
Ebb,1114
Ebbie,1115
Edna,1116
Ellison,1117
Elonzo,1118
Emit,1119
Emry,1120
Ephram,1121
Esequiel,1122
Essie,1123
Esta,1124
Evertt,1125
Garner,1126
Garnett,1127
Graham,1128
Gregg,1129
Halbert,1130
Harvie,1131
Harvy,1132
Hubbard,1133
Jared,1134
Jere,1135
Joesph,1136
Johnathan,1137
Juluis,1138
Kirby,1139
Kyle,1140
Lane,1141
Lawerence,1142
Less,1143
Linwood,1144
Louise,1145
Lowell,1146
Loy,1147
Lucy,1148
Manly,1149
Mannie,1150
Marcel,1151
Marius,1152
Marrion,1153
Mercer,1154
Monte,1155
Montgomery,1156
Nolan,1157
Okey,1158
Page,1159
Philo,1160
Primus,1161
Prosper,1162
Pryor,1163
Rene,1164
Robin,1165
Roll,1166
Seward,1167
Shannon,1168
Talmage,1169
Vaughn,1170
Verner,1171
Waverly,1172
Weldon,1173
Wells,1174
Wiliam,1175
Wing,1176
Wood,1177
Wright,1178
Add,1179
Adelard,1180
Cleve,1181
Linus,1182
Martha,1183
Reinhold,1184
Junior,1185
Ace,1186
Armstead,1187
Benedict,1188
Brice,1189
Gibson,1190
May,1191
Mills,1192
Adolfo,1193
Alanzo,1194
Antoine,1195
Ethan,1196
Eustace,1197
Ewing,1198
Fernand,1199
Fisher,1200
Gail,1201
Harland,1202
Hilary,1203
Hosie,1204
Lemon,1205
Lora,1206
Marsh,1207
Newman,1208
Nickolas,1209
Olie,1210
Pearley,1211
Roman,1212
Rome,1213
Rowland,1214
Shelly,1215
Vicente,1216
Weston,1217
Alan,1218
Alberto,1219
Alexis,1220
Auguste,1221
Bascom,1222
Cameron,1223
Camille,1224
Clabe,1225
Cooper,1226
Domingo,1227
Elwin,1228
Emilio,1229
French,1230
Gerhard,1231
Hansford,1232
Jarvis,1233
Jobe,1234
Josephus,1235
Landon,1236
Lennie,1237
Leonidas,1238
Lesley,1239
Lillian,1240
Linn,1241
Littleton,1242
Lone,1243
Margarito,1244
Mattie,1245
Melton,1246
Ott,1247
Randle,1248
Seaborn,1249
Severt,1250
Steward,1251
Sylvanus,1252
Theadore,1253
Theophile,1254
Vester,1255
Wenzel,1256
Alby,1257
Alcee,1258
Almond,1259
Alvy,1260
Amon,1261
Ansel,1262
Bayard,1263
Benny,1264
Bluford,1265
Booker,1266
Burnett,1267
Burney,1268
Caswell,1269
Claudie,1270
Conley,1271
Cortez,1272
Dionicio,1273
Donnie,1274
Eldred,1275
Ell,1276
Ellery,1277
Ellwood,1278
Elva,1279
Emmit,1280
Erle,1281
Essex,1282
Ewell,1283
Ewin,1284
Fabian,1285
Florencio,1286
Fremont,1287
Gaines,1288
Garnet,1289
Gaylord,1290
German,1291
Greene,1292
Brady,1293
Festus,1294
Jewell,1295
Odell,1296
Rosco,1297
Bernice,1298
Chauncy,1299
Delmer,1300
Effie,1301
Ellie,1302
Jimmy,1303
Lars,1304
Milas,1305
Miner,1306
Rogers,1307
Sarah,1308
Wess,1309
Woody,1310
Bryan,1311
Douglass,1312
Hilton,1313
Irvine,1314
Isidor,1315
Jeptha,1316
Mabel,1317
Malcom,1318
Mell,1319
Olof,1320
Robt,1321
Ronald,1322
Simpson,1323
Spurgeon,1324
Tandy,1325
Thurlow,1326
Toy,1327
Winston,1328
Zeno,1329
Alphonsus,1330
Alvan,1331
Amado,1332
Ananias,1333
Ancel,1334
Atlas,1335
Banks,1336
Barry,1337
Blake,1338
Blanchard,1339
Bose,1340
Captain,1341
Ceasar,1342
Chance,1343
Chancey,1344
Charle,1345
Clide,1346
Dink,1347
Ella,1348
Emett,1349
Erick,1350
Estill,1351
Fenton,1352
Gale,1353
Gay,1354
Grove,1355
Hanson,1356
Harlie,1357
Harlow,1358
Haskell,1359
Ingram,1360
Iva,1361
Jep,1362
Joy,1363
Lessie,1364
Lillie,1365
Linton,1366
Linzy,1367
Little,1368
Loney,1369
Loring,1370
Lovie,1371
Lute,1372
Mace,1373
Matthias,1374
Meredith,1375
Benjamen,1376
Jens,1377
Oakley,1378
Whitney,1379
Donaciano,1380
Hayward,1381
Loran,1382
Love,1383
Son,1384
Tollie,1385
Vollie,1386
Bonnie,1387
Catherine,1388
Ebenezer,1389
Ewald,1390
Herb,1391
Julia,1392
Silvester,1393
Stafford,1394
Sullivan,1395
Thurston,1396
Wayman,1397
Wes,1398
Winnie,1399
Burrel,1400
Cleon,1401
Dozier,1402
Elden,1403
Fulton,1404
Helmer,1405
Hill,1406
Hjalmer,1407
Ignatz,1408
Kelley,1409
Marlin,1410
Moody,1411
Myrtle,1412
Namon,1413
Odin,1414
Odis,1415
Oley,1416
Osborn,1417
Osie,1418
Prentice,1419
Purl,1420
Roby,1421
Shep,1422
Simmie,1423
Stanislaus,1424
Vander,1425
Zollie,1426
Abb,1427
Ah,1428
Aleck,1429
Beecher,1430
Blain,1431
Bowman,1432
Bunk,1433
Burgess,1434
Carol,1435
Charly,1436
Clell,1437
Cody,1438
Lamar,1439
Worley,1440
Arley,1441
Nicolas,1442
Terence,1443
Claire,1444
Earley,1445
Elzy,1446
Fielding,1447
Gertrude,1448
Nora,1449
Norton,1450
Clemens,1451
Earlie,1452
Ellen,1453
Epifanio,1454
Glover,1455
Lark,1456
Laurance,1457
Leigh,1458
Braxton,1459
Cleave,1460
Colon,1461
Constantine,1462
Dominic,1463
Emiliano,1464
Fleet,1465
Franklyn,1466
Hobart,1467
Josephine,1468
Laverne,1469
Lillard,1470
Lim,1471
Merlin,1472
Milan,1473
Nim,1474
Norbert,1475
North,1476
Orland,1477
Orvis,1478
Reason,1479
Rob,1480
Virge,1481
Zenas,1482
Ada,1483
Alejandro,1484
Atha,1485
Audie,1486
Boyce,1487
Brent,1488
Burdette,1489
Cash,1490
Chase,1491
Clive,1492
Courtney,1493
Cris,1494
Dawson,1495
Drury,1496
Duane,1497
Elon,1498
Estevan,1499
Fitzhugh,1500
Fount,1501
Gray,1502
Terrence,1503
Bartley,1504
Shedrick,1505
Dixie,1506
Ignacio,1507
Merl,1508
Nehemiah,1509
Norwood,1510
Raphael,1511
Reno,1512
Rudy,1513
Rueben,1514
Sylvan,1515
Virgle,1516
Charls,1517
Cole,1518
Elby,1519
Ferman,1520
Fern,1521
Florian,1522
Fuller,1523
Gorden,1524
Gussie,1525
Ham,1526
Hazel,1527
Ignatius,1528
Joaquin,1529
Lacey,1530
Laurie,1531
Lilburn,1532
Lovell,1533
Lovett,1534
Malvin,1535
Manson,1536
Pratt,1537
Reid,1538
Ruffin,1539
Tomie,1540
Vince,1541
Wayland,1542
Acey,1543
Alger,1544
Algernon,1545
Amasa,1546
Amil,1547
Barrett,1548
Britt,1549
Burns,1550
Calhoun,1551
Christy,1552
Cletus,1553
Colbert,1554
Courtland,1555
Myles,1556
Irl,1557
Benson,1558
Norval,1559
Armond,1560
Frazier,1561
Thompson,1562
Alfredo,1563
Grady,1564
Lorenz,1565
Peyton,1566
Seldon,1567
Ethelbert,1568
Eva,1569
Gilman,1570
Henri,1571
Iver,1572
Laura,1573
Leonce,1574
Mamie,1575
Orion,1576
Ottie,1577
Rudolf,1578
Selmer,1579
Shepherd,1580
Yancy,1581
Abbie,1582
Agnes,1583
Arnie,1584
Arvin,1585
Blanche,1586
Bliss,1587
Cassie,1588
Dewey,1589
Diego,1590
Dorr,1591
Edmon,1592
Estes,1593
Gilford,1594
Graves,1595
Hillery,1596
Laurel,1597
Carlisle,1598
Hughie,1599
Orvel,1600
Angel,1601
Horton,1602
Lena,1603
Marie,1604
Waymon,1605
Arno,1606
Burnie,1607
Elgie,1608
Fannie,1609
Felton,1610
Keith,1611
Maxie,1612
Nils,1613
Sie,1614
Sonny,1615
Vere,1616
Virgie,1617
Benjman,1618
Bernardo,1619
Casey,1620
Celestino,1621
Cephus,1622
Della,1623
Hart,1624
Hillary,1625
Hilmer,1626
Holland,1627
Jacques,1628
Johny,1629
Jordon,1630
Julien,1631
Julio,1632
Kay,1633
Le,1634
Leeroy,1635
Liston,1636
Lott,1637
Doyle,1638
Gerard,1639
Alfonzo,1640
Carlie,1641
Branch,1642
Bush,1643
Elgin,1644
Federico,1645
Franz,1646
Governor,1647
Maury,1648
Nancy,1649
Salvatore,1650
Werner,1651
Edw,1652
Ernesto,1653
Fed,1654
Foy,1655
Galen,1656
Genie,1657
Hjalmar,1658
Lawton,1659
Levin,1660
Lish,1661
Pascal,1662
Posey,1663
Redmond,1664
Rosendo,1665
Talmadge,1666
Winford,1667
Abie,1668
Alta,1669
Alver,1670
Anatole,1671
Bobbie,1672
Boone,1673
Buell,1674
Claiborne,1675
Loyal,1676
Eduardo,1677
Maggie,1678
Needham,1679
Mansfield,1680
Ras,1681
Guilford,1682
Sing,1683
Xavier,1684
Charlton,1685
Eula,1686
Mckinley,1687
Polk,1688
Shellie,1689
Bentley,1690
Claudius,1691
Conard,1692
Cornell,1693
Ester,1694
Esther,1695
Mae,1696
Mildred,1697
Neely,1698
Owens,1699
Rance,1700
Red,1701
Robbie,1702
Sigurd,1703
Teddy,1704
Val,1705
Almus,1706
Sheridan,1707
Lorin,1708
Carmine,1709
Jonnie,1710
Kent,1711
Murl,1712
Ricardo,1713
Wilfrid,1714
Adlai,1715
Buddie,1716
Burk,1717
Dessie,1718
Edison,1719
Gifford,1720
Goldie,1721
Hurbert,1722
Iverson,1723
Job,1724
Leamon,1725
Olive,1726
Powell,1727
Rexford,1728
Roma,1729
Romie,1730
Vick,1731
Waldemar,1732
Zebulon,1733
Alferd,1734
Algot,1735
Alphons,1736
Audley,1737
Barnard,1738
Berkley,1739
Bethel,1740
Caroline,1741
Corbett,1742
Ruth,1743
Fidel,1744
Guillermo,1745
Murry,1746
Reubin,1747
Rocco,1748
Samson,1749
Westley,1750
Alba,1751
Irene,1752
Murdock,1753
Nolen,1754
Royce,1755
Ruel,1756
Willaim,1757
Beryl,1758
Beulah,1759
Burleigh,1760
Carrol,1761
Con,1762
Dillon,1763
Ebert,1764
Encarnacion,1765
Cedric,1766
Estel,1767
Mayo,1768
Shelley,1769
Thorwald,1770
Durward,1771
Luster,1772
Arnett,1773
Aubra,1774
Avon,1775
Bolden,1776
Dannie,1777
Elex,1778
Ferris,1779
Jeffie,1780
Lexie,1781
Link,1782
Moises,1783
Myer,1784
Carlyle,1785
Arvel,1786
Erby,1787
Floy,1788
Hughey,1789
Ovid,1790
Alston,1791
Audrey,1792
Buddy,1793
Clemmie,1794
Clemon,1795
Dorothy,1796
Einar,1797
Gurney,1798
Hebert,1799
Hezzie,1800
Kurt,1801
Lois,1802
Lula,1803
Mearl,1804
Oddie,1805
Ramsey,1806
Vinton,1807
Zed,1808
Audy,1809
Barnie,1810
Donat,1811
Emmons,1812
Erich,1813
Esley,1814
Eston,1815
Roosevelt,1816
Hartley,1817
Jennings,1818
Hobert,1819
Montie,1820
Rae,1821
Arvil,1822
Casimer,1823
Elwyn,1824
Evander,1825
Gaither,1826
Grafton,1827
Guthrie,1828
Jettie,1829
Lannie,1830
Lea,1831
Moe,1832
Nestor,1833
Ovila,1834
Reynold,1835
Reynolds,1836
Susie,1837
True,1838
Alwin,1839
Casimir,1840
Vergil,1841
Hazen,1842
Sigmund,1843
Saint,1844
Silver,1845
Eugenio,1846
Lisle,1847
Milburn,1848
Carmen,1849
Orris,1850
Rayford,1851
Raymon,1852
Virgel,1853
Aloys,1854
Cam,1855
Hale,1856
Nile,1857
Offie,1858
Opal,1859
Rosa,1860
Wardell,1861
Willy,1862
Acy,1863
Arthor,1864
Boysie,1865
Britton,1866
Oris,1867
Gladys,1868
Georgia,1869
Bryon,1870
Elvie,1871
Frankie,1872
Mario,1873
Pasquale,1874
Rhoda,1875
Rossie,1876
Sherwood,1877
Buel,1878
Clearence,1879
Dabney,1880
Diamond,1881
Dorris,1882
Everet,1883
Ezell,1884
Hobson,1885
Admiral,1886
Shafter,1887
Maceo,1888
Schley,1889
Ewart,1890
Patsy,1891
Arba,1892
Orvil,1893
Adams,1894
Collier,1895
Gayle,1896
Gladstone,1897
Hilario,1898
Kathryn,1899
Mickey,1900
Odus,1901
Vernal,1902
Von,1903
Haven,1904
Williard,1905
Stephan,1906
Collis,1907
Griffith,1908
Jethro,1909
Vic,1910
Viola,1911
Baker,1912
Beatrice,1913
Bynum,1914
Colvin,1915
Doris,1916
Elizah,1917
Eunice,1918
Leighton,1919
Linnie,1920
Lizzie,1921
Rosevelt,1922
Farris,1923
Lemmie,1924
Estell,1925
Goebel,1926
Tallie,1927
Arlo,1928
Artis,1929
Collin,1930
Eddy,1931
Hester,1932
Lauren,1933
Lupe,1934
Ozie,1935
Salvador,1936
Santos,1937
Schuyler,1938
Arturo,1939
Donovan,1940
Kermit,1941
Eino,1942
Olan,1943
Danny,1944
Lola,1945
Esco,1946
Josef,1947
Lance,1948
Leona,1949
Mathews,1950
Ova,1951
Pate,1952
Regis,1953
Rosario,1954
Vito,1955
Adron,1956
Ancil,1957
Arland,1958
Buren,1959
Erland,1960
Johney,1961
Clarnce,1962
Garvin,1963
Agustin,1964
Nathen,1965
Oneal,1966
Verna,1967
Victoriano,1968
Doll,1969
Georgie,1970
Heyward,1971
Ivor,1972
Myrl,1973
Beckham,1974
Thedore,1975
Thelma,1976
Trinidad,1977
Verl,1978
Evelyn,1979
Hershell,1980
Marty,1981
Roberto,1982
Teddie,1983
Terrell,1984
Hilbert,1985
Lenon,1986
Lenord,1987
Ozzie,1988
Porfirio,1989
Sammy,1990
Rayfield,1991
Waino,1992
Clemence,1993
Harm,1994
Jamie,1995
Vincenzo,1996
Welton,1997
Adrain,1998
Arbie,1999
Betty,2000
Bobby,2001
Desmond,2002
Domenic,2003
Duard,2004
Raul,2005
Severo,2006
Tobie,2007
Council,2008
Domenick,2009
Darrel,2010
Graydon,2011
Fredie,2012
Eliot,2013
Hoke,2014
Pauline,2015
Tyree,2016
Arne,2017
Bell,2018
Carlo,2019
Hansel,2020
Jiles,2021
Leonardo,2022
Quentin,2023
Toby,2024
Verlin,2025
Winthrop,2026
Domenico,2027
Harrold,2028
Lucille,2029
Ryan,2030
Benard,2031
Quinton,2032
Rodolfo,2033
Armando,2034
Delmas,2035
Denzil,2036
Luciano,2037
Lyndon,2038
Vera,2039
Taft,2040
Delphin,2041
Rodger,2042
Woodrow,2043
Burnice,2044
Giovanni,2045
Americo,2046
Ardell,2047
Delmus,2048
Gilmer,2049
Lucio,2050
Mariano,2051
Ogden,2052
Oland,2053
Prentiss,2054
Samie,2055
Hadley,2056
Francesco,2057
Toivo,2058
Robley,2059
Verle,2060
Farrell,2061
Nathanial,2062
Reyes,2063
Eleanor,2064
Emmanuel,2065
Esker,2066
Florentino,2067
Gaetano,2068
Levie,2069
Guido,2070
Aurelio,2071
Curtiss,2072
Othel,2073
Santo,2074
Harrell,2075
Lenwood,2076
Leopoldo,2077
Dante,2078
Ann,2079
Halley,2080
Reino,2081
Carmelo,2082
Wyman,2083
Silvio,2084
Colie,2085
Alfonse,2086
Aldo,2087
Amerigo,2088
Enrico,2089
Gasper,2090
Attilio,2091
Woodroe,2092
Nunzio,2093
Burnell,2094
Erling,2095
Gilberto,2096
Glendon,2097
Larue,2098
Masao,2099
Nevin,2100
Armin,2101
Tyrus,2102
Kendall,2103
Garold,2104
Gennaro,2105
Cosmo,2106
Luigi,2107
Hymen,2108
Donato,2109
Melbourne,2110
Merwin,2111
Winton,2112
Gino,2113
Glenwood,2114
Geno,2115
Glynn,2116
Nello,2117
Durwood,2118
Gilmore,2119
Saverio,2120
Garth,2121
Hiroshi,2122
Arlin,2123
Yoshio,2124
Arvo,2125
Deward,2126
Hughes,2127
Tatsuo,2128
Jerald,2129
Zigmund,2130
Gerhardt,2131
Lynwood,2132
Berlin,2133
Merlyn,2134
Pershing,2135
Hideo,2136
Normand,2137
Orvin,2138
Joyce,2139
Minoru,2140
Foch,2141
Bryce,2142
Carmel,2143
Marco,2144
Winifred,2145
Edsel,2146
Quinten,2147
Kiyoshi,2148
Therman,2149
Kazuo,2150
Metro,2151
Laddie,2152
Harding,2153
Kennith,2154
Eloy,2155
Daryl,2156
Rayburn,2157
Jon,2158
Dewayne,2159
Marcos,2160
Kevin,2161
Harden,2162
Delton,2163
Reynaldo,2164
Donal,2165
Toshio,2166
Dwayne,2167
Zane,2168
Luverne,2169
Jackie,2170
Ramiro,2171
Harlen,2172
Deane,2173
Dwain,2174
Boris,2175
Dorman,2176
Coolidge,2177
Refugio,2178
Darold,2179
Donn,2180
Faustino,2181
Brian,2182
Melvyn,2183
Esteban,2184
Freddy,2185
Virginia,2186
Marlyn,2187
Ken,2188
Dwaine,2189
Gearld,2190
Valentino,2191
Lindy,2192
Lindbergh,2193
Shoji,2194
Denny,2195
Gonzalo,2196
Jorge,2197
Jerrold,2198
Akira,2199
Maria,2200
Hoover,2201
Jerold,2202
Arlen,2203
Ronnie,2204
Marcelino,2205
Verlyn,2206
Ismael,2207
Fidencio,2208
Dolores,2209
Adan,2210
Davey,2211
Derald,2212
Barbara,2213
Humberto,2214
Joan,2215
Sherwin,2216
Lavon,2217
Duwayne,2218
Genaro,2219
Kenny,2220
Rogelio,2221
Rolf,2222
Arnulfo,2223
Gerry,2224
Derl,2225
Gerold,2226
Arlan,2227
Patricia,2228
Dino,2229
Wally,2230
Mervyn,2231
Allyn,2232
Monty,2233
Dickie,2234
Jan,2235
Arlis,2236
Kaye,2237
Kenton,2238
Sherrill,2239
Darl,2240
Raymundo,2241
Delano,2242
Terrance,2243
Ronny,2244
Chuck,2245
Orlin,2246
Gloria,2247
Darryl,2248
Marc,2249
Sal,2250
Stan,2251
Cordell,2252
Darvin,2253
Derrell,2254
Jame,2255
Jacky,2256
Lanny,2257
Ron,2258
Marland,2259
Arlyn,2260
Jerrell,2261
Jeffrey,2262
Valentin,2263
Kerry,2264
Ferrell,2265
Gaylon,2266
Jerrel,2267
Darwyn,2268
Dwane,2269
Randy,2270
Ian,2271
Delwin,2272
Gustavo,2273
Verlon,2274
Vernell,2275
Delma,2276
Windell,2277
Kim,2278
Errol,2279
Reggie,2280
Geoffrey,2281
Mel,2282
Sergio,2283
Del,2284
Donnell,2285
Tyrone,2286
Sharon,2287
Donny,2288
Doug,2289
Marilyn,2290
Carolyn,2291
Delvin,2292
Janet,2293
Levon,2294
Ozell,2295
Gaylen,2296
Lamont,2297
Tex,2298
Lonny,2299
Autry,2300
Rondal,2301
Randal,2302
Dion,2303
Greg,2304
Sandra,2305
Judith,2306
Scotty,2307
Ronal,2308
Jeffery,2309
Randell,2310
Joey,2311
Nicky,2312
Leonel,2313
Harlon,2314
Lawrance,2315
Linda,2316
Barrie,2317
Darnell,2318
Isidro,2319
Wilkie,2320
Rick,2321
Ricky,2322
Donna,2323
Janice,2324
Javier,2325
Wendel,2326
Erik,2327
Lindell,2328
Judy,2329
Jeffry,2330
Karen,2331
Brendan,2332
Darell,2333
Mcarthur,2334
Macarthur,2335
Rickey,2336
Rod,2337
Niles,2338
Jeremy,2339
Susan,2340
Walt,2341
Lary,2342
Jaime,2343
Noe,2344
Rocky,2345
Derek,2346
Les,2347
Terrill,2348
Russ,2349
Timmy,2350
Butch,2351
Sean,2352
Linden,2353
Roddy,2354
Rickie,2355
Lenny,2356
Rusty,2357
Dane,2358
Geary,2359
Eusebio,2360
Garey,2361
Lucky,2362
Gerardo,2363
Gil,2364
Richie,2365
Carnell,2366
Chad,2367
Hank,2368
Dorian,2369
Rolando,2370
Kip,2371
Mikel,2372
Jonathon,2373
Stevan,2374
Kris,2375
Jody,2376
Lyn,2377
Zachary,2378
Brett,2379
Patric,2380
Rory,2381
Rand,2382
Robby,2383
Cornel,2384
Shawn,2385
Skip,2386
Randel,2387
Jed,2388
Dirk,2389
Brock,2390
Deryl,2391
Stevie,2392
Derrick,2393
Jerel,2394
Cesar,2395
Baron,2396
Kathleen,2397
Stefan,2398
Donell,2399
Corey,2400
Kelvin,2401
Ezzard,2402
Tod,2403
Shaun,2404
Brant,2405
Scot,2406
Efrain,2407
Stacey,2408
Brandon,2409
Marlon,2410
Jory,2411
Layne,2412
Danniel,2413
Michial,2414
Ritchie,2415
Edwardo,2416
Kimberly,2417
Ricki,2418
Kurtis,2419
Cory,2420
Deborah,2421
Scottie,2422
Erasmo,2423
Rudolfo,2424
Lex,2425
Rodrick,2426
Daryle,2427
Greggory,2428
Darren,2429
Mikeal,2430
Trent,2431
Michal,2432
Theodis,2433
Damian,2434
Kimball,2435
Michale,2436
Wilfredo,2437
Shane,2438
Robbin,2439
Kraig,2440
Kirt,2441
Chip,2442
Randolf,2443
Bret,2444
Antony,2445
Bradly,2446
Faron,2447
Blaise,2448
Alvaro,2449
Ricci,2450
Dusty,2451
Debra,2452
Rock,2453
Keven,2454
Gavin,2455
Kevan,2456
Blane,2457
Demetrius,2458
Rahn,2459
Barron,2460
Heriberto,2461
Jude,2462
Levern,2463
Darcy,2464
Micky,2465
Kennard,2466
Davy,2467
Tad,2468
Rhett,2469
Ty,2470
Mitch,2471
Jefferey,2472
Dann,2473
Timmothy,2474
Broderick,2475
Derwin,2476
Chet,2477
Quintin,2478
Timmie,2479
Tab,2480
Tracey,2481
Jace,2482
Kem,2483
Brion,2484
Andrea,2485
Cynthia,2486
Kennth,2487
Renaldo,2488
Desi,2489
Renard,2490
Trevor,2491
Kenney,2492
Brien,2493
Cheyenne,2494
Derick,2495
Robb,2496
Devin,2497
Kerwin,2498
Grayling,2499
Quinn,2500
Wayde,2501
Maverick,2502
Tobin,2503
Kristopher,2504
Keenan,2505
Diane,2506
Cheryl,2507
Reinaldo,2508
Jamey,2509
Darrin,2510
Flint,2511
Darin,2512
Daren,2513
Efrem,2514
Kieth,2515
Micah,2516
Andra,2517
Chaim,2518
Raynard,2519
Leif,2520
Kennedy,2521
Lisa,2522
Darrick,2523
Darry,2524
Roel,2525
Darron,2526
Darryle,2527
Stephon,2528
Darryll,2529
Brenda,2530
Devon,2531
Arnoldo,2532
Kory,2533
Regan,2534
Brook,2535
Shayne,2536
Lorne,2537
Parrish,2538
Drake,2539
Norberto,2540
Kalvin,2541
Pernell,2542
Markus,2543
Thor,2544
Osvaldo,2545
Anibal,2546
Daron,2547
Deon,2548
Edgardo,2549
Geoff,2550
Tammy,2551
Jayson,2552
Rodrigo,2553
Tyron,2554
Dwyane,2555
Stoney,2556
Tal,2557
Jaimie,2558
Trenton,2559
Andreas,2560
Vinson,2561
Pamela,2562
Erin,2563
Mauricio,2564
Rigoberto,2565
Roderic,2566
Destry,2567
Deron,2568
Fitzgerald,2569
Quint,2570
Kipp,2571
Trey,2572
Kendrick,2573
Deric,2574
Terance,2575
Antonia,2576
Shon,2577
Daryn,2578
Darien,2579
Darryn,2580
Trace,2581
Darian,2582
Dario,2583
Chadwick,2584
Brain,2585
Reginal,2586
Heath,2587
Jarrod,2588
Michelle,2589
Illya,2590
Brenton,2591
Michele,2592
Dylan,2593
Efren,2594
Arron,2595
Tyson,2596
Cedrick,2597
Dereck,2598
Brennan,2599
Jerrod,2600
Garrick,2601
Jennifer,2602
Angela,2603
Claudio,2604
Derik,2605
Octavio,2606
Alfie,2607
Brendon,2608
Kristian,2609
Shad,2610
Ariel,2611
Liam,2612
Tina,2613
Beau,2614
Giuseppe,2615
Franco,2616
Dustin,2617
Jamal,2618
Damien,2619
Waylon,2620
Colby,2621
Damion,2622
Brenden,2623
Korey,2624
Tye,2625
Rico,2626
Darby,2627
Melissa,2628
Anthoney,2629
Jade,2630
Lamonte,2631
Shan,2632
Johnathon,2633
Tory,2634
Trever,2635
Lazaro,2636
Jemal,2637
Jamison,2638
Aric,2639
Ari,2640
Donavan,2641
Torrey,2642
Torrance,2643
Shanon,2644
Chandler,2645
Ali,2646
Corwin,2647
Amy,2648
Jameson,2649
Demetrios,2650
Jasen,2651
Davin,2652
Cale,2653
Jermaine,2654
Malik,2655
Jeromy,2656
Jammie,2657
Che,2658
Bronson,2659
Dax,2660
Brandt,2661
Kenyatta,2662
Antione,2663
Laron,2664
Antwan,2665
Branden,2666
Dedric,2667
Jayme,2668
Kelsey,2669
Torrence,2670
Shea,2671
Kenyon,2672
Kristin,2673
Shay,2674
Corbin,2675
Cristopher,2676
Jeramy,2677
Braden,2678
Kenya,2679
Dedrick,2680
Tate,2681
Germaine,2682
Nigel,2683
Jerod,2684
Christoper,2685
Chadd,2686
Jarod,2687
Tristan,2688
Brannon,2689
Jeremey,2690
Deandre,2691
Kiley,2692
Donavon,2693
Sedrick,2694
Hassan,2695
Jamel,2696
Jeramie,2697
Marcelo,2698
Coby,2699
Deshawn,2700
Toriano,2701
Kwame,2702
Kasey,2703
Demian,2704
Kristofer,2705
Paulo,2706
Donte,2707
Jarred,2708
Demond,2709
Kareem,2710
Vidal,2711
Zachariah,2712
Jamar,2713
Abdul,2714
Jermain,2715
Tremayne,2716
Jeremie,2717
Marlo,2718
Lashawn,2719
Brandy,2720
Josue,2721
Jabbar,2722
Kristoffer,2723
Diallo,2724
Tito,2725
Damond,2726
Nicole,2727
Dameon,2728
Rahsaan,2729
Nathanael,2730
Abelardo,2731
Cade,2732
Vashon,2733
Taurus,2734
Chadrick,2735
Tarik,2736
Marcello,2737
Dominique,2738
Donta,2739
Moshe,2740
Zachery,2741
Jevon,2742
Stephanie,2743
Nakia,2744
Telly,2745
Ahmad,2746
Jamil,2747
Toma,2748
Trinity,2749
Jereme,2750
Dejuan,2751
Jabari,2752
Ahmed,2753
Heather,2754
Demarcus,2755
Antwon,2756
Jered,2757
Rashad,2758
Kristen,2759
Mauro,2760
Benji,2761
Tavares,2762
Marques,2763
Rasheed,2764
Jerad,2765
Corry,2766
Cristobal,2767
Deangelo,2768
Karim,2769
Sharif,2770
Demarco,2771
Kareen,2772
Rebecca,2773
Raheem,2774
Jamaal,2775
Jovan,2776
Seneca,2777
Jermey,2778
Torey,2779
Hakim,2780
Cortney,2781
Jamin,2782
Javon,2783
Zackary,2784
Ezequiel,2785
Jerimy,2786
Muhammad,2787
Jameel,2788
Brody,2789
Jaron,2790
Dimitrios,2791
Taj,2792
Tanner,2793
Torry,2794
Amir,2795
Levar,2796
Lavar,2797
Kunta,2798
Jedediah,2799
Jerimiah,2800
Kinte,2801
Rashawn,2802
Jeramiah,2803
Jessica,2804
Jedidiah,2805
Amin,2806
Rian,2807
Conor,2808
Lydell,2809
Davon,2810
Kaleb,2811
Samir,2812
Zackery,2813
Khalid,2814
Bo,2815
Cristian,2816
Demetric,2817
Horacio,2818
Anwar,2819
Nicholaus,2820
Kenji,2821
Nikolas,2822
Demario,2823
Johnpaul,2824
Nicklaus,2825
Jarret,2826
Kody,2827
Antwain,2828
Dequan,2829
Lukas,2830
Christina,2831
Deshaun,2832
Juston,2833
Hasan,2834
Jeb,2835
Amanda,2836
Andrae,2837
Kendell,2838
Tucker,2839
Keon,2840
Garett,2841
Amit,2842
Omari,2843
Tyrell,2844
Mohammad,2845
Bryson,2846
Tyrel,2847
Tremaine,2848
Jarrad,2849
Rustin,2850
Kai,2851
Justen,2852
Keegan,2853
Chaz,2854
Yoel,2855
Jarad,2856
Jessy,2857
Bjorn,2858
Brandan,2859
Dustan,2860
Isaias,2861
Kellen,2862
Skyler,2863
Marchello,2864
Mohammed,2865
Johathan,2866
Adalberto,2867
Connor,2868
Dontae,2869
Taurean,2870
Skylar,2871
Mohamed,2872
Colt,2873
Kiel,2874
Colton,2875
Eliezer,2876
Darrius,2877
Tuan,2878
Hung,2879
Long,2880
Lamarcus,2881
Justine,2882
Huy,2883
Akeem,2884
Cassidy,2885
Devan,2886
Martell,2887
Remington,2888
Jacoby,2889
Jakob,2890
Trumaine,2891
Marquise,2892
Deven,2893
Crystal,2894
Ryne,2895
Coty,2896
Grayson,2897
Jerrad,2898
Jarrell,2899
Baby,2900
Brandin,2901
Alonso,2902
Danielle,2903
Tavon,2904
Travon,2905
Deonte,2906
Rachel,2907
Kameron,2908
Tavaris,2909
Tylor,2910
Jairo,2911
Durell,2912
Durrell,2913
Channing,2914
Jaymes,2915
Dakota,2916
Keaton,2917
Ulises,2918
Brandyn,2919
Mackenzie,2920
Maximilian,2921
Uriel,2922
Terell,2923
Kale,2924
Dandre,2925
Kolby,2926
Joshuah,2927
Martez,2928
Rayshawn,2929
Dangelo,2930
Derrek,2931
Cordero,2932
Jayce,2933
Yaakov,2934
Kyler,2935
Alexandro,2936
Zechariah,2937
Giancarlo,2938
Garrison,2939
Spenser,2940
Austen,2941
Payton,2942
Kalen,2943
Kane,2944
Mychal,2945
Conner,2946
Cordaro,2947
Dashawn,2948
Holden,2949
Octavius,2950
Rashaad,2951
Montrell,2952
Jaren,2953
Joseluis,2954
Trevin,2955
Brennen,2956
Kegan,2957
Camron,2958
Colten,2959
Codey,2960
Arsenio,2961
Jaquan,2962
Geraldo,2963
Kelby,2964
Jamarcus,2965
Marquez,2966
Dominque,2967
Brittany,2968
Ridge,2969
Mikhail,2970
Brantley,2971
Nico,2972
Kade,2973
Alexandre,2974
Christop,2975
Infant,2976
Alexande,2977
Hakeem,2978
Kadeem,2979
Gage,2980
Khiry,2981
Jasmine,2982
Daquan,2983
Niko,2984
Rakeem,2985
Nikko,2986
Dionte,2987
Samantha,2988
Darion,2989
Kendal,2990
Kiara,2991
Tiffany,2992
Khalil,2993
Najee,2994
Ladarius,2995
Stetson,2996
Yosef,2997
Trevon,2998
Dimitri,2999
Tevin,3000
Denzel,3001
Male,3002
Laquan,3003
Kiefer,3004
Jorden,3005
Ibrahim,3006
Mykel,3007
Kevon,3008
Zakary,3009
Aidan,3010
Talon,3011
Codie,3012
Hernan,3013
Camden,3014
Deontae,3015
Keenen,3016
Misael,3017
Devonte,3018
Sage,3019
Dillan,3020
Gunnar,3021
Shaquille,3022
Dillion,3023
Dylon,3024
Storm,3025
Domonique,3026
Codi,3027
Jaleel,3028
Davion,3029
Brayden,3030
Denzell,3031
Devante,3032
Dijon,3033
Keifer,3034
Tariq,3035
Babyboy,3036
Sawyer,3037
Desean,3038
Deonta,3039
Kolton,3040
Justyn,3041
Unnamed,3042
Dejon,3043
Bilal,3044
Deante,3045
Jalen,3046
Tre,3047
Davonte,3048
Devonta,3049
Javonte,3050
Devontae,3051
Deion,3052
Demetri,3053
Davante,3054
Dyllan,3055
Trae,3056
Dondre,3057
Tayler,3058
Caden,3059
Dakotah,3060
Montel,3061
Davonta,3062
Dalvin,3063
Tyshawn,3064
Maximillian,3065
Juwan,3066
Tyquan,3067
Kieran,3068
Colter,3069
Jaylen,3070
Devyn,3071
Savon,3072
Deondre,3073
Darrian,3074
Dallin,3075
Jordy,3076
Mikal,3077
Adonis,3078
Kelton,3079
Shaquan,3080
Devaughn,3081
Darrien,3082
Austyn,3083
Kaden,3084
Darrion,3085
Fredy,3086
Montana,3087
Kole,3088
Syed,3089
Demonte,3090
Dakoda,3091
Jaden,3092
Keanu,3093
Jaylon,3094
Daulton,3095
Shyheim,3096
Markell,3097
Menachem,3098
Markel,3099
Jayden,3100
Khari,3101
Trayvon,3102
Gunner,3103
Auston,3104
Cain,3105
Jaylin,3106
River,3107
Alek,3108
Destin,3109
Tyrin,3110
Ryder,3111
Armani,3112
Kahlil,3113
Bryton,3114
Jonatan,3115
Tristen,3116
Triston,3117
Raekwon,3118
Tristin,3119
Anfernee,3120
Draven,3121
Romello,3122
Stone,3123
Tristian,3124
Easton,3125
Treyvon,3126
Aiden,3127
Rashaan,3128
Rohan,3129
Killian,3130
Phoenix,3131
Greyson,3132
Latrell,3133
Brennon,3134
Seamus,3135
Isai,3136
Branson,3137
Damarcus,3138
Mateo,3139
Keshawn,3140
Keyshawn,3141
Trystan,3142
Braeden,3143
Brayan,3144
Shamar,3145
Keion,3146
Raquan,3147
Jair,3148
Braydon,3149
Shemar,3150
Reilly,3151
Reagan,3152
Jaylan,3153
Nasir,3154
Abdullah,3155
Dominik,3156
Keagan,3157
Kordell,3158
Kobe,3159
Gianni,3160
Jaret,3161
Koby,3162
Nash,3163
Rylan,3164
Jaxon,3165
Giovanny,3166
Ronaldo,3167
Coleton,3168
Amari,3169
Jarett,3170
Keyon,3171
Paxton,3172
Landen,3173
Raven,3174
Jamari,3175
Jovani,3176
Jovanny,3177
Keandre,3178
Kenan,3179
Jajuan,3180
Ryley,3181
Nikhil,3182
Tyrese,3183
Tyrek,3184
Zion,3185
Declan,3186
Savion,3187
Kamron,3188
Jadon,3189
Tyrique,3190
Tahj,3191
Tyriq,3192
Tyreek,3193
Izaiah,3194
Tavian,3195
Jacquez,3196
Alessandro,3197
Kyree,3198
Tyrik,3199
Jordi,3200
Jalon,3201
Mekhi,3202
Jelani,3203
Matteo,3204
Johan,3205
Hamza,3206
Brycen,3207
Jovany,3208
Miguelangel,3209
Jensen,3210
Rahul,3211
Christion,3212
Judah,3213
Konnor,3214
Kylan,3215
Jaiden,3216
Tyreke,3217
Cayden,3218
Jett,3219
Zaire,3220
Jaydon,3221
Korbin,3222
Tyreese,3223
Braedon,3224
Jaxson,3225
Xander,3226
Camren,3227
Semaj,3228
Ean,3229
Gaven,3230
Karson,3231
Trevion,3232
Ayden,3233
Rey,3234
Tavion,3235
Braiden,3236
Kadin,3237
Arman,3238
Aditya,3239
Rowan,3240
Bridger,3241
Kayden,3242
Elian,3243
Luca,3244
Finn,3245
Kaiden,3246
Sincere,3247
Maximus,3248
Xzavier,3249
Blaze,3250
Gaige,3251
London,3252
Keshaun,3253
Sabastian,3254
Kavon,3255
Kian,3256
Brodie,3257
Jaeden,3258
Javion,3259
Jamir,3260
Maxim,3261
Alexzander,3262
Kamren,3263
Zander,3264
Dayne,3265
Isaak,3266
Jaheim,3267
Jagger,3268
Oswaldo,3269
Ronan,3270
Haden,3271
Jadyn,3272
Immanuel,3273
Alijah,3274
Jakobe,3275
Imanol,3276
Jordyn,3277
Zain,3278
Yusuf,3279
Gavyn,3280
Pranav,3281
Yehuda,3282
Daunte,3283
Caiden,3284
Arjun,3285
Jahiem,3286
Zavier,3287
Mustafa,3288
Rylee,3289
Giovani,3290
Jovanni,3291
Omarion,3292
Yahir,3293
Amarion,3294
Gael,3295
Cael,3296
Treyton,3297
Aryan,3298
Jaheem,3299
Malakai,3300
Javen,3301
Lisandro,3302
Santino,3303
Adriel,3304
Ethen,3305
Luc,3306
Maximo,3307
Cason,3308
Gannon,3309
Jaquez,3310
Bradyn,3311
Jase,3312
Zayne,3313
Osbaldo,3314
Maddox,3315
Jamarion,3316
Yair,3317
Aydan,3318
Konner,3319
Damarion,3320
Jahir,3321
Enzo,3322
Cannon,3323
Kamari,3324
Kaeden,3325
Ryker,3326
Soren,3327
Mordechai,3328
Cristofer,3329
Ryland,3330
Zaid,3331
Arnav,3332
Canyon,3333
Kanye,3334
Kyan,3335
Cohen,3336
Braylon,3337
Davian,3338
Jaidyn,3339
Demarion,3340
Landyn,3341
Luka,3342
Braulio,3343
Andon,3344
Aydin,3345
Matias,3346
Jaydin,3347
Deacon,3348
Teagan,3349
Kamden,3350
Malaki,3351
Koda,3352
Rhys,3353
Haiden,3354
Tayshaun,3355
Jayvon,3356
Trenten,3357
Rishi,3358
Kason,3359
Talan,3360
Amare,3361
Makai,3362
Braylen,3363
Kadyn,3364
Leandro,3365
Aedan,3366
Finnegan,3367
Karter,3368
Damari,3369
Messiah,3370
Makhi,3371
Camryn,3372
Gauge,3373
Jax,3374
Adin,3375
Krish,3376
Yandel,3377
Beckett,3378
Kael,3379
Bode,3380
Koen,3381
Zayden,3382
Santana,3383
Landin,3384
Talen,3385
Kasen,3386
Aidyn,3387
Jasiah,3388
Memphis,3389
Kingston,3390
Landan,3391
Case,3392
Coen,3393
Izayah,3394
Anders,3395
Brogan,3396
Madden,3397
Slade,3398
Kellan,3399
Jaydan,3400
Nery,3401
Rayan,3402
Dereon,3403
Yael,3404
Raiden,3405
Nikolai,3406
Yurem,3407
Lyric,3408
Kelan,3409
Tegan,3410
Kamryn,3411
Jayvion,3412
Ronin,3413
Daxton,3414
Aaden,3415
Chace,3416
Marley,3417
Kash,3418
Kymani,3419
Ishaan,3420
Jadiel,3421
Urijah,3422
Eden,3423
Zaiden,3424
Ayaan,3425
Aarav,3426
Tripp,3427
Geovanni,3428
Yadiel,3429
Kyson,3430
Callum,3431
Deegan,3432
Lennon,3433
Abdiel,3434
Carsen,3435
Kolten,3436
Stella,3437
Sallie,3438
Nettie,3439
Etta,3440
Harriet,3441
Sadie,3442
Katie,3443
Lydia,3444
Kate,3445
Mollie,3446
Lulu,3447
Nannie,3448
Lottie,3449
Belle,3450
Charlotte,3451
Amelia,3452
Hannah,3453
Jane,3454
Emily,3455
Matilda,3456
Henrietta,3457
Sara,3458
Estella,3459
Theresa,3460
Josie,3461
Sophia,3462
Anne,3463
Delia,3464
Louisa,3465
Mayme,3466
Estelle,3467
Nina,3468
Bettie,3469
Luella,3470
Inez,3471
Lela,3472
Rosie,3473
Millie,3474
Janie,3475
Cornelia,3476
Victoria,3477
Celia,3478
Christine,3479
Birdie,3480
Harriett,3481
Mable,3482
Myra,3483
Sophie,3484
Tillie,3485
Isabel,3486
Sylvia,3487
Isabelle,3488
Leila,3489
Sally,3490
Ina,3491
Nell,3492
Alberta,3493
Katharine,3494
Rena,3495
Mina,3496
Mathilda,3497
Dollie,3498
Hettie,3499
Fanny,3500
Lenora,3501
Adelaide,3502
Lelia,3503
Nelle,3504
Sue,3505
Johanna,3506
Lilly,3507
Lucinda,3508
Minerva,3509
Lettie,3510
Roxie,3511
Helena,3512
Hilda,3513
Hulda,3514
Genevieve,3515
Cordelia,3516
Jeanette,3517
Adeline,3518
Leah,3519
Lura,3520
Mittie,3521
Isabella,3522
Olga,3523
Phoebe,3524
Teresa,3525
Lida,3526
Lina,3527
Marguerite,3528
Claudia,3529
Cecelia,3530
Bess,3531
Emilie,3532
Rosetta,3533
Myrtie,3534
Cecilia,3535
Olivia,3536
Ophelia,3537
Elnora,3538
Violet,3539
Adele,3540
Lily,3541
Loretta,3542
Madge,3543
Polly,3544
Eugenia,3545
Lucile,3546
Mabelle,3547
Rosalie,3548
Kittie,3549
Meta,3550
Angie,3551
Georgiana,3552
Lila,3553
Regina,3554
Selma,3555
Wilhelmina,3556
Bridget,3557
Lilla,3558
Malinda,3559
Vina,3560
Freda,3561
Gertie,3562
Jeannette,3563
Louella,3564
Mandy,3565
Roberta,3566
Corinne,3567
Lyda,3568
Naomi,3569
Norma,3570
Margie,3571
Nona,3572
Zella,3573
Dovie,3574
Elvira,3575
Erma,3576
Irma,3577
Leota,3578
Blanch,3579
Charity,3580
Lorena,3581
Lucretia,3582
Orpha,3583
Alvina,3584
Annette,3585
Catharine,3586
Elma,3587
Geneva,3588
Leora,3589
Lona,3590
Miriam,3591
Zora,3592
Octavia,3593
Sudie,3594
Zula,3595
Adella,3596
Frieda,3597
Joanna,3598
Leonora,3599
Priscilla,3600
Tennie,3601
Angeline,3602
Docia,3603
Ettie,3604
Flossie,3605
Hanna,3606
Letha,3607
Minta,3608
Retta,3609
Rosella,3610
Adah,3611
Berta,3612
Elisabeth,3613
Elise,3614
Leola,3615
Margret,3616
Adaline,3617
Idella,3618
Juanita,3619
Lenna,3620
Lucie,3621
Missouri,3622
Nola,3623
Zoe,3624
Eda,3625
Isabell,3626
Julie,3627
Letitia,3628
Madeline,3629
Malissa,3630
Mariah,3631
Pattie,3632
Almeda,3633
Aurelia,3634
Dolly,3635
Jannie,3636
Kathrine,3637
Lavinia,3638
Marietta,3639
Melvina,3640
Ona,3641
Pinkie,3642
Susanna,3643
Chloe,3644
Elsa,3645
Matie,3646
Pearle,3647
Vesta,3648
Vinnie,3649
Antoinette,3650
Clementine,3651
Edythe,3652
Harriette,3653
Libbie,3654
Lilian,3655
Lutie,3656
Magdalena,3657
Meda,3658
Rita,3659
Tena,3660
Zelma,3661
Adelia,3662
Annetta,3663
Dona,3664
Elizebeth,3665
Georgianna,3666
Gracie,3667
Iona,3668
Leta,3669
Liza,3670
Mertie,3671
Molly,3672
Neva,3673
Oma,3674
Alida,3675
Cecile,3676
Ernestine,3677
Evie,3678
Helene,3679
Minna,3680
Myrta,3681
Prudence,3682
Queen,3683
Rilla,3684
Savannah,3685
Tessie,3686
Agatha,3687
America,3688
Anita,3689
Arminta,3690
Dorothea,3691
Luvenia,3692
Marjorie,3693
Maybelle,3694
Mellie,3695
Nan,3696
Velma,3697
Constance,3698
Ila,3699
Iola,3700
Louvenia,3701
Lucia,3702
Ludie,3703
Luna,3704
Metta,3705
Phebe,3706
Sophronia,3707
Adda,3708
Avis,3709
Betsy,3710
Cordie,3711
Emmaline,3712
Ethelyn,3713
Hortense,3714
Marcella,3715
Melinda,3716
Mona,3717
Odessa,3718
Veronica,3719
Aimee,3720
Annabel,3721
Ava,3722
Bella,3723
Carolina,3724
Cathrine,3725
Christena,3726
Dena,3727
Eleanore,3728
Elmira,3729
Jenny,3730
Kizzie,3731
Loula,3732
Magdalene,3733
Mettie,3734
Mintie,3735
Peggy,3736
Reba,3737
Serena,3738
Vida,3739
Zada,3740
Abigail,3741
Celestine,3742
Celina,3743
Daisie,3744
Dessa,3745
Easter,3746
Emelia,3747
Emmie,3748
Imogene,3749
India,3750
Jeanne,3751
Lenore,3752
Liddie,3753
Lotta,3754
Mame,3755
Nevada,3756
Rachael,3757
Sina,3758
Willa,3759
Aline,3760
Daisey,3761
Dorcas,3762
Edmonia,3763
Effa,3764
Eldora,3765
Eloise,3766
Emmer,3767
Era,3768
Gena,3769
Iris,3770
Izora,3771
Lissie,3772
Mallie,3773
Malvina,3774
Mathilde,3775
Mazie,3776
Queenie,3777
Rosina,3778
Salome,3779
Theodora,3780
Therese,3781
Vena,3782
Wanda,3783
Wilda,3784
Altha,3785
Anastasia,3786
Besse,3787
Birtie,3788
Clarissa,3789
Delilah,3790
Diana,3791
Emelie,3792
Erna,3793
Florida,3794
Frona,3795
Hilma,3796
Juliet,3797
Leonie,3798
Lugenia,3799
Mammie,3800
Manda,3801
Manerva,3802
Manie,3803
Nella,3804
Paulina,3805
Philomena,3806
Selina,3807
Sena,3808
Theodosia,3809
Una,3810
Adela,3811
Althea,3812
Amalia,3813
Amber,3814
Angelina,3815
Annabelle,3816
Anner,3817
Arie,3818
Clarice,3819
Corda,3820
Corrie,3821
Dellar,3822
Donie,3823
Elda,3824
Elinor,3825
Emeline,3826
Emilia,3827
Etha,3828
Indiana,3829
Ione,3830
Josiephine,3831
Kitty,3832
Lavina,3833
Leda,3834
Letta,3835
Mahala,3836
Marcia,3837
Margarette,3838
Maudie,3839
Maye,3840
Norah,3841
Patty,3842
Paula,3843
Permelia,3844
Rosalia,3845
Roxanna,3846
Sula,3847
Vada,3848
Winnifred,3849
Adline,3850
Almira,3851
Alvena,3852
Arizona,3853
Becky,3854
Bernadette,3855
Cordia,3856
Corine,3857
Dicie,3858
Dove,3859
Drusilla,3860
Elena,3861
Elenora,3862
Elmina,3863
Ethyl,3864
Evalyn,3865
Evelina,3866
Faye,3867
Huldah,3868
Idell,3869
Inga,3870
Irena,3871
Kattie,3872
Lavenia,3873
Lovina,3874
Lulie,3875
Magnolia,3876
Margeret,3877
Margery,3878
Media,3879
Millicent,3880
Nena,3881
Orilla,3882
Pansy,3883
Rosia,3884
Rowena,3885
Tabitha,3886
Verdie,3887
Zetta,3888
Zoa,3889
Zona,3890
Albertina,3891
Albina,3892
Alyce,3893
Amie,3894
Annis,3895
Carra,3896
Clarinda,3897
Delphia,3898
Dillie,3899
Doshie,3900
Drucilla,3901
Etna,3902
Eugenie,3903
Eulalia,3904
Eve,3905
Felicia,3906
Florance,3907
Fronie,3908
Geraldine,3909
Gina,3910
Glenna,3911
Grayce,3912
Hedwig,3913
Jossie,3914
Katheryn,3915
Katy,3916
Leanna,3917
Leitha,3918
Leone,3919
Lidie,3920
Loma,3921
Lular,3922
Magdalen,3923
Maymie,3924
Minervia,3925
Muriel,3926
Neppie,3927
Onie,3928
Osa,3929
Otelia,3930
Paralee,3931
Patience,3932
Rella,3933
Rillie,3934
Rosanna,3935
Tilda,3936
Tishie,3937
Tressa,3938
Viva,3939
Yetta,3940
Zena,3941
Zola,3942
Abby,3943
Aileen,3944
Alda,3945
Alla,3946
Alverta,3947
Ara,3948
Ardelia,3949
Ardella,3950
Arrie,3951
Arvilla,3952
Aurora,3953
Bama,3954
Bena,3955
Calla,3956
Camilla,3957
Carlotta,3958
Celestia,3959
Cherry,3960
Cinda,3961
Classie,3962
Claudine,3963
Clemie,3964
Clyda,3965
Creola,3966
Debbie,3967
Dinah,3968
Doshia,3969
Ednah,3970
Edyth,3971
Eleanora,3972
Electa,3973
Eola,3974
Eudora,3975
Euphemia,3976
Evalena,3977
Evaline,3978
Faith,3979
Fidelia,3980
Golda,3981
Helma,3982
Hermine,3983
Hessie,3984
Ivah,3985
Janette,3986
Jennette,3987
Joella,3988
Kathryne,3989
Lanie,3990
Lauretta,3991
Leana,3992
Leatha,3993
Liller,3994
Lillis,3995
Louetta,3996
Madie,3997
Mai,3998
Martina,3999
Maryann,4000
Melva,4001
Mena,4002
Mercedes,4003
Mima,4004
Minda,4005
Monica,4006
Nealie,4007
Netta,4008
Nolia,4009
Nonie,4010
Odelia,4011
Ottilie,4012
Phyllis,4013
Sabina,4014
Sada,4015
Suzanne,4016
Sybilla,4017
Thea,4018
Tressie,4019
Vallie,4020
Venie,4021
Viney,4022
Wilhelmine,4023
Winona,4024
Zelda,4025
Zilpha,4026
Adelle,4027
Adina,4028
Adrienne,4029
Albertine,4030
Alys,4031
Ana,4032
Araminta,4033
Birtha,4034
Bulah,4035
Caddie,4036
Celie,4037
Charlotta,4038
Concepcion,4039
Cordella,4040
Corrine,4041
Delila,4042
Delphine,4043
Dosha,4044
Elaine,4045
Elisa,4046
Ellar,4047
Elmire,4048
Elvina,4049
Ena,4050
Estie,4051
Etter,4052
Fronnie,4053
Georgina,4054
Gracia,4055
Gwendolyn,4056
Hassie,4057
Honora,4058
Icy,4059
Isa,4060
Isadora,4061
Johannah,4062
Juana,4063
Junie,4064
Lavonia,4065
Lella,4066
Lemma,4067
Letty,4068
Linna,4069
Littie,4070
Lollie,4071
Lorene,4072
Lovisa,4073
Lucina,4074
Madora,4075
Mahalia,4076
Manervia,4077
Manuela,4078
Margarett,4079
Margaretta,4080
Margarita,4081
Marilla,4082
Mignon,4083
Mozella,4084
Natalie,4085
Nelia,4086
Nolie,4087
Omie,4088
Ottilia,4089
Parthenia,4090
Penelope,4091
Pinkey,4092
Pollie,4093
Rennie,4094
Reta,4095
Roena,4096
Rosalee,4097
Roseanna,4098
Ruthie,4099
Sabra,4100
Sannie,4101
Selena,4102
Sibyl,4103
Tella,4104
Tempie,4105
Tennessee,4106
Teressa,4107
Texas,4108
Theda,4109
Thursa,4110
Ula,4111
Vannie,4112
Verona,4113
Vertie,4114
Wilma,4115
Adell,4116
Aggie,4117
Alcie,4118
Alfreda,4119
Alicia,4120
Allene,4121
Almyra,4122
Anastacia,4123
Aria,4124
Arminda,4125
Aura,4126
Avie,4127
Berdie,4128
Buena,4129
Calista,4130
Cammie,4131
Cara,4132
Celesta,4133
Celeste,4134
Chaney,4135
Chanie,4136
Charlottie,4137
Chrissie,4138
Christene,4139
Christiana,4140
Cleora,4141
Clora,4142
Coralie,4143
Dayse,4144
Delfina,4145
Deliah,4146
Delina,4147
Delle,4148
Dicy,4149
Donia,4150
Dulcie,4151
Edwina,4152
Ela,4153
Eleonora,4154
Elta,4155
Elzada,4156
Emaline,4157
Eulah,4158
Eulalie,4159
Euna,4160
Zadie,4161
Eveline,4162
Lelah,4163
Nanie,4164
Petra,4165
Glennie,4166
Juliette,4167
Mercy,4168
Miranda,4169
Nana,4170
Zilpah,4171
Almedia,4172
Byrdie,4173
Claribel,4174
Coral,4175
Exie,4176
Malissie,4177
Myrtice,4178
Narcissus,4179
Rosamond,4180
Theresia,4181
Valeria,4182
Vessie,4183
Victorine,4184
Arabella,4185
Dottie,4186
Flo,4187
Fredericka,4188
Gusta,4189
Icie,4190
Lillia,4191
Lota,4192
Nathalie,4193
Nita,4194
Ota,4195
Ramona,4196
Texie,4197
Zillah,4198
Aida,4199
Arra,4200
Belva,4201
Biddie,4202
Bula,4203
Carry,4204
Crete,4205
Dossie,4206
Evangeline,4207
Flavia,4208
Fleta,4209
Fronia,4210
Gillie,4211
Jinnie,4212
Katharina,4213
Mirtie,4214
Mora,4215
Ninnie,4216
Rettie,4217
Rozella,4218
Sofia,4219
Sybil,4220
Sylvania,4221
Tilla,4222
Ursula,4223
Veda,4224
Zaida,4225
Zenobia,4226
Aletha,4227
Ason,4228
Bina,4229
Chloie,4230
Christie,4231
Corean,4232
Corinna,4233
Elodie,4234
Epsie,4235
Exa,4236
Georgine,4237
Gretta,4238
Henriette,4239
Jemima,4240
Jo,4241
Josefa,4242
Juliana,4243
Katharyn,4244
Lavada,4245
Leonore,4246
Levina,4247
Libby,4248
Lilie,4249
Louanna,4250
Mabell,4251
Madeleine,4252
Marinda,4253
Mila,4254
Neta,4255
Orlena,4256
Ozella,4257
Ressie,4258
Rosena,4259
Rosey,4260
Senora,4261
Siddie,4262
Susana,4263
Susanne,4264
Texanna,4265
Tiney,4266
Tinie,4267
Tiny,4268
Achsah,4269
Agness,4270
Ala,4271
Alabama,4272
Alexina,4273
Altie,4274
Ama,4275
Amalie,4276
Amelie,4277
Amey,4278
Amma,4279
Ammie,4280
Anie,4281
Annabell,4282
Arta,4283
Attie,4284
Audra,4285
Azzie,4286
Cathryn,4287
Cena,4288
Chestina,4289
Crissie,4290
Cyntha,4291
Daisye,4292
Dellia,4293
Delta,4294
Dema,4295
Dezzie,4296
Dola,4297
Dollye,4298
Eithel,4299
Elba,4300
Elfrieda,4301
Elna,4302
Emogene,4303
Enola,4304
Verda,4305
Gretchen,4306
Hermina,4307
Nelly,4308
Eller,4309
Hetty,4310
Luetta,4311
Pennie,4312
Rosemary,4313
Beckie,4314
Buna,4315
Caldonia,4316
Candace,4317
Edla,4318
Florrie,4319
Luisa,4320
Myrtis,4321
Trudie,4322
Agusta,4323
Alphonsine,4324
Dellie,4325
Delpha,4326
Kathyrn,4327
Loretto,4328
Lucindy,4329
Maybell,4330
Odile,4331
Orah,4332
Prudie,4333
Rhea,4334
Rinda,4335
Rosy,4336
Roxy,4337
Sarrah,4338
Susannah,4339
Tula,4340
Alwina,4341
Arah,4342
Bernadine,4343
Capitola,4344
Cathern,4345
Columbia,4346
Eileen,4347
Elizbeth,4348
Eura,4349
Hennie,4350
Henretta,4351
Ivie,4352
Jeanie,4353
Justina,4354
Leaner,4355
Leonia,4356
Lorraine,4357
Lucetta,4358
Macie,4359
Mahalie,4360
Marry,4361
Novella,4362
Olevia,4363
Phillis,4364
Philomene,4365
Salina,4366
Sinda,4367
Tinnie,4368
Vashti,4369
Vella,4370
Veva,4371
Vicy,4372
Zita,4373
Affie,4374
Albertha,4375
Anabel,4376
Artelia,4377
Barbra,4378
Beaulah,4379
Bertina,4380
Birdella,4381
Blossom,4382
Carmela,4383
Carolyne,4384
Cilla,4385
Denise,4386
Dorthea,4387
Eleonore,4388
Fairy,4389
Fannye,4390
Franc,4391
Francina,4392
Francisca,4393
Genevra,4394
Helga,4395
Iza,4396
Jeanetta,4397
Jeannie,4398
Jerusha,4399
Lisette,4400
Loda,4401
Luda,4402
Lynda,4403
Marget,4404
Mariam,4405
Modena,4406
Nanna,4407
Nelie,4408
Olena,4409
Lelar,4410
Matilde,4411
Simona,4412
Thora,4413
Angelita,4414
Berenice,4415
Dagmar,4416
Dina,4417
Ema,4418
Florine,4419
Loraine,4420
Maida,4421
Missie,4422
Arline,4423
Beatrix,4424
Dorathea,4425
Elenor,4426
Gertha,4427
Lesta,4428
Rebekah,4429
Almina,4430
Arlena,4431
Dot,4432
Elfie,4433
Ermine,4434
Francisqui,4435
Georgeanna,4436
Glendora,4437
Leontine,4438
Leva,4439
Litha,4440
Luberta,4441
Marianna,4442
Parlee,4443
Pearla,4444
Sister,4445
Thresa,4446
Alene,4447
Alverda,4448
Antonette,4449
Argie,4450
Arkie,4451
Arletta,4452
Bea,4453
Bettye,4454
Cappie,4455
Caro,4456
Cloe,4457
Corene,4458
Deetta,4459
Elberta,4460
Ether,4461
Felicie,4462
Frederica,4463
Hellen,4464
Icey,4465
Ines,4466
Junia,4467
Laney,4468
Lassie,4469
Lockie,4470
Lossie,4471
Lovey,4472
Marianita,4473
Mattye,4474
Rubie,4475
Milly,4476
Pluma,4477
Ruie,4478
Vira,4479
Cleva,4480
Gennie,4481
Sadye,4482
Vennie,4483
Zettie,4484
Clevie,4485
Ferne,4486
Maebelle,4487
Maxine,4488
Pearly,4489
Savanah,4490
Savilla,4491
Valerie,4492
Violetta,4493
Adelina,4494
Alzina,4495
Annice,4496
Beda,4497
Clarabelle,4498
Fleda,4499
Goldia,4500
Laila,4501
Leala,4502
Lilah,4503
Lyla,4504
Naoma,4505
Nealy,4506
Olivine,4507
Rutha,4508
Sussie,4509
Theodocia,4510
Vassie,4511
Zina,4512
Aurore,4513
Beth,4514
Channie,4515
Freida,4516
Georganna,4517
Izetta,4518
Kathern,4519
Lady,4520
Lala,4521
Lilia,4522
Lurana,4523
Mozelle,4524
Norine,4525
Oney,4526
Clotilde,4527
Nova,4528
Myrna,4529
Medora,4530
Hildur,4531
Imo,4532
Ragna,4533
Vinie,4534
Emmy,4535
Hildegarde,4536
Octa,4537
Aurilla,4538
Beula,4539
Lera,4540
Macy,4541
Margrett,4542
Melina,4543
Pheobe,4544
Alvira,4545
Clella,4546
Cornie,4547
Dorotha,4548
Dorthy,4549
Dosia,4550
Enid,4551
Essa,4552
Evelena,4553
Genoveva,4554
Greta,4555
Ica,4556
Ilma,4557
Lalla,4558
Lana,4559
Leonor,4560
Lolla,4561
Lorna,4562
Vergie,4563
Mossie,4564
Manuelita,4565
Oline,4566
Ima,4567
Janey,4568
Villa,4569
Clytie,4570
Ermina,4571
Hertha,4572
Margaretha,4573
Melanie,4574
Metha,4575
Pricilla,4576
Sigrid,4577
Thekla,4578
Berniece,4579
Betha,4580
Florie,4581
Hilah,4582
Isla,4583
Judie,4584
Lethia,4585
Louisiana,4586
Rubye,4587
Silvia,4588
Zelpha,4589
Alwilda,4590
Angele,4591
Verlie,4592
Zelia,4593
Gunda,4594
Octavie,4595
Orelia,4596
Retha,4597
Signe,4598
Anice,4599
Carlota,4600
Lurline,4601
Luz,4602
Opha,4603
Ura,4604
Vicie,4605
Alwine,4606
Carmelita,4607
Clemma,4608
Elia,4609
Eloisa,4610
Eppie,4611
Gustie,4612
Hazle,4613
Lu,4614
Ebba,4615
Margarete,4616
Myrle,4617
Nadine,4618
Pallie,4619
Betsey,4620
Cleta,4621
Filomena,4622
Orra,4623
Arlene,4624
Margretta,4625
Pairlee,4626
Zana,4627
Francies,4628
Marjory,4629
Roxana,4630
Cressie,4631
Erla,4632
Herma,4633
Oliva,4634
Rosalind,4635
Chessie,4636
Daphne,4637
Lulah,4638
Marvel,4639
Monnie,4640
Noemie,4641
Gregoria,4642
Josefina,4643
Fleeta,4644
Madaline,4645
Hildred,4646
Sibbie,4647
Verena,4648
Bernardine,4649
Gerda,4650
Hazelle,4651
Nobie,4652
Reva,4653
Vonnie,4654
Ethie,4655
Jessye,4656
Jetta,4657
Signa,4658
Delcie,4659
Hildegard,4660
Treva,4661
Violette,4662
Sylva,4663
Twila,4664
Concetta,4665
Idabelle,4666
Lulla,4667
Mira,4668
Nila,4669
Olar,4670
Velva,4671
Yvonne,4672
Evia,4673
Willia,4674
Dortha,4675
Else,4676
Freeda,4677
Versa,4678
Ilah,4679
Maurine,4680
Vernice,4681
Elmyra,4682
Madelyn,4683
Cannie,4684
Carmella,4685
Cliffie,4686
Ever,4687
Leafy,4688
Olinda,4689
Virdie,4690
Allena,4691
Clotilda,4692
Elida,4693
Elvera,4694
Fae,4695
Josefita,4696
Lurena,4697
Versie,4698
Vivien,4699
Melba,4700
Alline,4701
Elfreda,4702
Verla,4703
Ouida,4704
Flonnie,4705
Palma,4706
Consuelo,4707
Lorine,4708
Venus,4709
Hasel,4710
Noma,4711
Virgia,4712
Alleen,4713
Mavis,4714
Nelda,4715
Trilby,4716
Adel,4717
Buelah,4718
Milda,4719
Velda,4720
Bernetta,4721
Neoma,4722
Gaynell,4723
Laurette,4724
Coletta,4725
Zela,4726
Zeta,4727
Manila,4728
Manilla,4729
Cuba,4730
Earline,4731
Vlasta,4732
Jacqueline,4733
Onnie,4734
Vara,4735
Alena,4736
Ilo,4737
Imelda,4738
Ardis,4739
Delores,4740
Irva,4741
Gwen,4742
Tomasa,4743
Veta,4744
Berneice,4745
Lempi,4746
Eathel,4747
Marybelle,4748
Chrystal,4749
Elvia,4750
Ilene,4751
Margarite,4752
Marianne,4753
Odette,4754
Antonina,4755
Delsie,4756
Portia,4757
Reatha,4758
Aleen,4759
Almeta,4760
Lilyan,4761
Jaunita,4762
Luvinia,4763
Alvera,4764
Allean,4765
Dagny,4766
Leoma,4767
Oleta,4768
Trula,4769
Ethyle,4770
Ingeborg,4771
Jeane,4772
Laurine,4773
Lorean,4774
Marge,4775
Margueritta,4776
Mozell,4777
Norene,4778
Oneta,4779
Lolita,4780
Elouise,4781
Cathleen,4782
Bette,4783
Earnestine,4784
Florene,4785
Laverna,4786
Rafaela,4787
Thyra,4788
Loyce,4789
Cleda,4790
Pearline,4791
Ceola,4792
Lavera,4793
Marcelle,4794
Romaine,4795
Rosalyn,4796
Augustina,4797
Bonita,4798
Dominga,4799
Girtha,4800
Isobel,4801
Anona,4802
Syble,4803
Edris,4804
Santa,4805
Theola,4806
Veola,4807
Ceil,4808
Madlyn,4809
Vernia,4810
Ellamae,4811
Irine,4812
Linnea,4813
Madalyn,4814
Roslyn,4815
Edrie,4816
Vincenza,4817
Yolanda,4818
Edra,4819
Orma,4820
Ilda,4821
Ardath,4822
Renee,4823
Astrid,4824
Beadie,4825
Doretha,4826
Neola,4827
Vela,4828
Wava,4829
Evelyne,4830
Dimple,4831
Annamae,4832
Elease,4833
Williemae,4834
Rosaline,4835
Charline,4836
Charlene,4837
Joanne,4838
Theta,4839
Deloris,4840
Maureen,4841
Rosabelle,4842
Gilda,4843
Herminia,4844
Afton,4845
Margurite,4846
Clydie,4847
Izola,4848
Rosemarie,4849
Arnetta,4850
Gladyce,4851
Floretta,4852
Merna,4853
Nedra,4854
Clementina,4855
Launa,4856
Sonia,4857
Aili,4858
Gladis,4859
Alease,4860
Madonna,4861
Azalee,4862
Colleen,4863
Darlene,4864
Macel,4865
Cleola,4866
Loree,4867
Stephania,4868
Joann,4869
Antonetta,4870
Arietta,4871
Vivienne,4872
Elinore,4873
Benita,4874
Glenda,4875
Earlene,4876
Arleen,4877
Blanchie,4878
Vilma,4879
Erline,4880
Felice,4881
Georgette,4882
Yvette,4883
Assunta,4884
Helyn,4885
Lavonne,4886
Audry,4887
Dorathy,4888
Stasia,4889
Vita,4890
Jayne,4891
Maebell,4892
Mafalda,4893
Olympia,4894
Masako,4895
Stacia,4896
Domenica,4897
Ingrid,4898
Wynona,4899
Bernita,4900
Carole,4901
Elenore,4902
Waneta,4903
Esperanza,4904
Madelene,4905
Roselyn,4906
Kathlyn,4907
Ardith,4908
Venita,4909
Santina,4910
Maryjane,4911
Orene,4912
Noreen,4913
Antionette,4914
Margot,4915
Dawn,4916
Lahoma,4917
Alexandra,4918
Maryellen,4919
Ruthe,4920
Cleone,4921
Kathaleen,4922
Aldona,4923
Janis,4924
Christeen,4925
Dorine,4926
Caryl,4927
Francine,4928
Rosaria,4929
Erlene,4930
Georgetta,4931
Olene,4932
Sheila,4933
Georgene,4934
Yoshiko,4935
Delora,4936
Lavelle,4937
Idamae,4938
Michelina,4939
Catalina,4940
Liberty,4941
Victory,4942
Beverley,4943
Laurene,4944
Marilynn,4945
Jeraldine,4946
Marylou,4947
Jacquelyn,4948
Oneida,4949
Concha,4950
Marina,4951
Doreen,4952
Haruko,4953
Felipa,4954
Socorro,4955
Elois,4956
Toshiko,4957
Carlene,4958
Fumiko,4959
Soledad,4960
Gearldine,4961
Shirlee,4962
Merry,4963
Clarine,4964
Lorayne,4965
Marlene,4966
Kiyoko,4967
Elwanda,4968
Elayne,4969
Darline,4970
Arlyne,4971
Marlys,4972
Mardell,4973
Willene,4974
Inell,4975
Venice,4976
Ofelia,4977
Peggie,4978
Beatriz,4979
Rochelle,4980
Leatrice,4981
Billye,4982
Darleen,4983
Hortencia,4984
Ethelene,4985
Marylouise,4986
Eris,4987
Bettyjane,4988
Penny,4989
Dorene,4990
Toni,4991
Lynette,4992
Vonda,4993
Amparo,4994
Bebe,4995
Phylis,4996
Bettylou,4997
Wanita,4998
Marceline,4999
Vernelle,5000
Ernestina,5001
Doloris,5002
Delois,5003
Nanette,5004
Ardelle,5005
Natalia,5006
Estela,5007
Sherry,5008
Twyla,5009
Jacquelin,5010
Enriqueta,5011
Bobbye,5012
Patti,5013
Lorrayne,5014
Janell,5015
Ladonna,5016
Nada,5017
Carla,5018
Evangelina,5019
Willodean,5020
Charleen,5021
Coleen,5022
Illa,5023
Shirlie,5024
Ailene,5025
Erlinda,5026
Lita,5027
Marilou,5028
Lawanda,5029
Charmaine,5030
Cherie,5031
Sonya,5032
Raquel,5033
Hortensia,5034
Valencia,5035
Jocelyn,5036
Kazuko,5037
Joye,5038
Lidia,5039
Roseann,5040
Earlean,5041
Jeannine,5042
Romona,5043
Jeanine,5044
Joline,5045
Felicitas,5046
Carma,5047
Marva,5048
Colette,5049
Sondra,5050
Marilee,5051
Jolene,5052
Jovita,5053
Dorla,5054
Dianne,5055
Margy,5056
Velia,5057
Margene,5058
Beverlee,5059
Maryanne,5060
Joycelyn,5061
Merlene,5062
Oralia,5063
Sydell,5064
Jill,5065
Ardeth,5066
Armida,5067
Marylin,5068
Sonja,5069
Laquita,5070
Julianne,5071
Nannette,5072
Margo,5073
Claudette,5074
Arla,5075
Charlsie,5076
Marylyn,5077
Mitzi,5078
Patrica,5079
Eartha,5080
Herlinda,5081
Trudy,5082
Verdell,5083
Joretta,5084
Marsha,5085
Verlene,5086
Lynne,5087
Mariann,5088
Joetta,5089
Rosanne,5090
Belia,5091
Janelle,5092
Merilyn,5093
Ardyce,5094
Rosita,5095
Celine,5096
Carleen,5097
Carolee,5098
Dian,5099
Dorthey,5100
Kathy,5101
Marita,5102
Thomasina,5103
Marta,5104
Thalia,5105
Nira,5106
Sharlene,5107
Rheta,5108
Jerrie,5109
Ginger,5110
Jacklyn,5111
Elissa,5112
Paulette,5113
Monna,5114
Joellen,5115
Lavona,5116
Bonny,5117
Luanne,5118
Saundra,5119
Luann,5120
Pearlene,5121
Nancie,5122
Shirlene,5123
Marcelina,5124
Vicki,5125
Karol,5126
Louann,5127
Alison,5128
Marylee,5129
Sharron,5130
Cathy,5131
Darla,5132
Norita,5133
Gaye,5134
Jeri,5135
Loris,5136
Shirleyann,5137
Carolynn,5138
Marla,5139
Evonne,5140
Darlyne,5141
Vernetta,5142
Rhonda,5143
Shelba,5144
Shelva,5145
Deanna,5146
Karla,5147
Tanya,5148
Annmarie,5149
Wendy,5150
Ruthann,5151
Sherrie,5152
Carolann,5153
Evon,5154
Sheryl,5155
Jacquline,5156
Karlene,5157
Glennis,5158
Karin,5159
Marleen,5160
Roxanne,5161
Harlene,5162
Annamarie,5163
Jacque,5164
Maralyn,5165
Shari,5166
Larae,5167
Gayla,5168
Deanne,5169
Dianna,5170
Simone,5171
Leilani,5172
Vickie,5173
Diann,5174
Karolyn,5175
Deann,5176
Noretta,5177
Shelvia,5178
Shelvie,5179
Shelia,5180
Janyce,5181
Jonell,5182
Marolyn,5183
Mimi,5184
Noreta,5185
Roseanne,5186
Lorelei,5187
Vicky,5188
Helaine,5189
Maryjo,5190
Deana,5191
Janine,5192
Ronda,5193
Leanne,5194
Cindy,5195
Judi,5196
Karel,5197
Karon,5198
Glynda,5199
Tamara,5200
Suzann,5201
Fran,5202
Nanci,5203
April,5204
Hedy,5205
Mari,5206
Jannette,5207
Jerri,5208
Heidi,5209
Dotty,5210
Suellen,5211
Lonna,5212
Kathie,5213
Ilona,5214
Laraine,5215
Susann,5216
Rona,5217
Sharen,5218
Lynnette,5219
Scarlett,5220
Belinda,5221
Pam,5222
Ruthanne,5223
Juliann,5224
Sherron,5225
Donita,5226
Georgiann,5227
Jerilyn,5228
Sharyn,5229
Sherri,5230
Suzan,5231
Nyla,5232
Trina,5233
Judyth,5234
Nikki,5235
Sheri,5236
Jana,5237
Adrianne,5238
Georgeann,5239
Terri,5240
Caren,5241
Kristine,5242
Geri,5243
Jerilynn,5244
Karan,5245
Rosann,5246
Cheri,5247
Leann,5248
Phyliss,5249
Merrily,5250
Melody,5251
Kaaren,5252
Cassandra,5253
Aloma,5254
Cathie,5255
Sandi,5256
Ronna,5257
Karren,5258
Jerrilyn,5259
Sheron,5260
Pauletta,5261
Merrilee,5262
Terrie,5263
Tonya,5264
Sunny,5265
Karyn,5266
Ginny,5267
Charla,5268
Tana,5269
Charolette,5270
Marcy,5271
Cheryle,5272
Kathi,5273
Karyl,5274
Candy,5275
Sherryl,5276
Luana,5277
Rozanne,5278
Carlyn,5279
Jacquelynn,5280
Caron,5281
Suzette,5282
Dorinda,5283
Teri,5284
Alana,5285
Danna,5286
Maribeth,5287
Pamala,5288
Rosalinda,5289
Elyse,5290
Pamella,5291
Bobbi,5292
Corliss,5293
Cheryll,5294
Graciela,5295
Sherilyn,5296
Deirdre,5297
Gerri,5298
Glinda,5299
Mickie,5300
Marybeth,5301
Cherrie,5302
Laureen,5303
Patrice,5304
Aleta,5305
Candice,5306
Kristina,5307
Vickey,5308
Nicki,5309
Deena,5310
Janeen,5311
Meryl,5312
Bettina,5313
Robyn,5314
Sharyl,5315
Erica,5316
Lani,5317
Leslee,5318
Deidre,5319
Katrina,5320
Kristi,5321
Cherryl,5322
Dayle,5323
Randi,5324
Lori,5325
Jacalyn,5326
Starr,5327
Kendra,5328
Suzanna,5329
Debby,5330
Valarie,5331
Melodie,5332
Annemarie,5333
Michaele,5334
Janna,5335
Trudi,5336
Sandie,5337
Daria,5338
Vikki,5339
Rachelle,5340
Tonia,5341
Marcie,5342
Candis,5343
Shiela,5344
Regenia,5345
Debora,5346
Maura,5347
Caryn,5348
Kristie,5349
Lizabeth,5350
Regena,5351
Denice,5352
Drema,5353
Shirleen,5354
Cathey,5355
Cristina,5356
Lyndia,5357
Blanca,5358
Fonda,5359
Renae,5360
Kathlene,5361
Loreen,5362
Shauna,5363
Sharman,5364
Valorie,5365
Sanjuanita,5366
Bethany,5367
Christa,5368
Sanjuana,5369
Candyce,5370
Lorrie,5371
Tara,5372
Pamelia,5373
Kristy,5374
Collette,5375
Roxann,5376
Debrah,5377
Mindy,5378
Krista,5379
Leticia,5380
Terese,5381
Mara,5382
Nicolette,5383
Vanessa,5384
Merrie,5385
Debbra,5386
Jenifer,5387
Lourdes,5388
Geralyn,5389
Jaclyn,5390
Sharleen,5391
Lorie,5392
Allyson,5393
Angelia,5394
Jann,5395
Joleen,5396
Christi,5397
Esmeralda,5398
Teena,5399
Gwenda,5400
Rhona,5401
Brinda,5402
Pandora,5403
Jodi,5404
Kimberley,5405
Megan,5406
Lauri,5407
Paige,5408
Deborrah,5409
Joette,5410
Lise,5411
Jacqulyn,5412
Milagros,5413
Marlena,5414
Roxane,5415
Ellyn,5416
Debera,5417
Joni,5418
Cindi,5419
Tricia,5420
Brooke,5421
Doretta,5422
Lorri,5423
Danette,5424
Marci,5425
Alisa,5426
Kari,5427
Lesa,5428
Francesca,5429
Lanette,5430
Sharla,5431
Kimberlee,5432
Zandra,5433
Sheree,5434
Sabrina,5435
Valinda,5436
Sherie,5437
Joanie,5438
Starla,5439
Merri,5440
Kerri,5441
Leeann,5442
Vernita,5443
Cherri,5444
Bambi,5445
Renita,5446
Janel,5447
Desiree,5448
Denese,5449
Roni,5450
Sheilah,5451
Athena,5452
Jeryl,5453
Danita,5454
Gisele,5455
Sherree,5456
Debi,5457
Kandy,5458
Felecia,5459
Migdalia,5460
Dayna,5461
Debbi,5462
Debroah,5463
Jaye,5464
Monique,5465
Tami,5466
Taryn,5467
Lorinda,5468
Moira,5469
Melodee,5470
Sheryll,5471
Trena,5472
Noemi,5473
Leesa,5474
Marisa,5475
Dawna,5476
Tracie,5477
Dani,5478
Sheena,5479
Dara,5480
Kelli,5481
Shawna,5482
Barb,5483
Kathey,5484
Kellie,5485
Wendi,5486
Gaylene,5487
Liz,5488
Jeanna,5489
Kara,5490
Leisa,5491
Chandra,5492
Dori,5493
Jami,5494
Meg,5495
Maritza,5496
Stacie,5497
Glynis,5498
Juli,5499
Babette,5500
Tammie,5501
Tamera,5502
Tamra,5503
Traci,5504
Tammi,5505
Deb,5506
Tamela,5507
Cyndi,5508
Gabrielle,5509
Cathi,5510
Erika,5511
Candi,5512
Jacki,5513
Nilda,5514
Keri,5515
Sarita,5516
Tia,5517
Bridgette,5518
Tamie,5519
Brigitte,5520
Suzy,5521
Kirsten,5522
Tambra,5523
Missy,5524
Gigi,5525
Perri,5526
Karrie,5527
Lissa,5528
Lanita,5529
Suzie,5530
Bev,5531
Alyson,5532
Tresa,5533
Kandi,5534
Bridgett,5535
Cari,5536
Tori,5537
Alesia,5538
Ivette,5539
Kerrie,5540
Renea,5541
Angelica,5542
Liane,5543
Shelli,5544
Lesia,5545
Penni,5546
Tonja,5547
Keely,5548
Melisa,5549
Tari,5550
Deedee,5551
Kayla,5552
Lisha,5553
Misty,5554
Deidra,5555
Leisha,5556
Elana,5557
Adriana,5558
Loriann,5559
Tania,5560
Dedra,5561
Evette,5562
Latanya,5563
Fawn,5564
Risa,5565
Krystal,5566
Deeann,5567
Johnna,5568
Velvet,5569
Corina,5570
Jeana,5571
Angelique,5572
Marnita,5573
Jonna,5574
Machelle,5575
Maribel,5576
Barbie,5577
Loria,5578
Gwyn,5579
Shanna,5580
Monika,5581
Trisha,5582
Alecia,5583
Janene,5584
Latonya,5585
Staci,5586
Stefanie,5587
Melonie,5588
Marisol,5589
Aretha,5590
Marti,5591
Darci,5592
Adriene,5593
Dawne,5594
Charisse,5595
Shirl,5596
Lesli,5597
Jena,5598
Brigette,5599
Tamala,5600
Shana,5601
Delisa,5602
Maricela,5603
Alyssa,5604
Michell,5605
Tonda,5606
Richelle,5607
Jeanmarie,5608
Marissa,5609
Melony,5610
Deneen,5611
Mia,5612
Kecia,5613
Djuna,5614
Djuana,5615
Noelle,5616
Renata,5617
Tessa,5618
Anjanette,5619
Denine,5620
Daneen,5621
Holli,5622
Kimberli,5623
Linette,5624
Christal,5625
Alisha,5626
Elaina,5627
Karri,5628
Delinda,5629
Tyra,5630
Tawana,5631
Marnie,5632
Dionne,5633
Kimberlie,5634
Gabriela,5635
Casandra,5636
Marni,5637
Tangela,5638
Kimberely,5639
Shanda,5640
Demetria,5641
Lavonda,5642
Natasha,5643
Mechelle,5644
Shonda,5645
Yolonda,5646
Brigid,5647
Julianna,5648
Carin,5649
Keli,5650
Gia,5651
Latricia,5652
Lizette,5653
Cristine,5654
Bethann,5655
Tabatha,5656
Joelle,5657
Lara,5658
Sonji,5659
Tamatha,5660
Tasha,5661
Tatia,5662
Gidget,5663
Latonia,5664
Brandi,5665
Nichole,5666
Alissa,5667
Demetra,5668
Joell,5669
Inger,5670
Caprice,5671
Denita,5672
Mellissa,5673
Lia,5674
Catrina,5675
Milissa,5676
Sunday,5677
Meghan,5678
Andria,5679
Nichelle,5680
Cami,5681
Anissa,5682
Josette,5683
Lissette,5684
Adriane,5685
Windy,5686
Kami,5687
Buffy,5688
Karie,5689
Keisha,5690
Wende,5691
Tawnya,5692
Danelle,5693
Misti,5694
Tisha,5695
Larissa,5696
Darcie,5697
Mayra,5698
Sebrina,5699
Ericka,5700
Towanda,5701
Michaela,5702
Cristy,5703
Cherise,5704
Tanja,5705
Carie,5706
Carri,5707
Tiffani,5708
Coretta,5709
Tamiko,5710
Tamika,5711
Chantel,5712
Shannan,5713
Kristal,5714
Davina,5715
Kirstin,5716
Latrice,5717
Jolie,5718
Cristi,5719
Cori,5720
Araceli,5721
Stephenie,5722
Melissia,5723
Chantal,5724
Corrina,5725
Gillian,5726
Rolanda,5727
Nicola,5728
Kellee,5729
Shani,5730
Chanda,5731
Cinnamon,5732
Chelsea,5733
Ami,5734
Racquel,5735
Nicolle,5736
Autumn,5737
Kisha,5738
Latasha,5739
Shonna,5740
Christin,5741
Latisha,5742
Dione,5743
Jada,5744
Kyra,5745
Mindi,5746
Shona,5747
Mellisa,5748
Christen,5749
Alexandria,5750
Sharonda,5751
Julissa,5752
Karina,5753
Kira,5754
Tawanda,5755
Marisela,5756
Terra,5757
Lashonda,5758
Tera,5759
Toya,5760
Carissa,5761
Stefani,5762
Kesha,5763
Tisa,5764
Maya,5765
Angella,5766
Tiffanie,5767
Trista,5768
Raina,5769
Crista,5770
Kristan,5771
Tawanna,5772
Niki,5773
Serina,5774
Shawnda,5775
Tosha,5776
Christel,5777
Tracee,5778
Dyan,5779
Tanisha,5780
Chantelle,5781
Stephany,5782
Treena,5783
Yesenia,5784
Candida,5785
Tarsha,5786
Tameka,5787
Ayanna,5788
Jenni,5789
Brandie,5790
Shantel,5791
Ebony,5792
Shayla,5793
Kia,5794
Alysia,5795
Summer,5796
Jenna,5797
Latoya,5798
Cristal,5799
Shanta,5800
Shalonda,5801
Angelic,5802
Brenna,5803
Alycia,5804
Damaris,5805
Consuela,5806
Lashanda,5807
Adria,5808
Lasonya,5809
Shara,5810
Katina,5811
Catina,5812
Cher,5813
Lakisha,5814
Chastity,5815
Nikole,5816
Contina,5817
Chiquita,5818
Chasity,5819
Nichol,5820
Brandee,5821
Camisha,5822
Lakesha,5823
Anika,5824
Cherilyn,5825
Alejandra,5826
Lakeisha,5827
Latosha,5828
Keena,5829
Sasha,5830
Nikita,5831
Cristin,5832
Rocio,5833
Tomika,5834
Tomeka,5835
Racheal,5836
Griselda,5837
Keesha,5838
Liliana,5839
Stephaine,5840
Bree,5841
Latrina,5842
Felisha,5843
Layla,5844
Celena,5845
Jenniffer,5846
Rebeca,5847
Sherita,5848
Kori,5849
Alethea,5850
Carly,5851
Aisha,5852
Cicely,5853
Anitra,5854
Bianca,5855
Vonetta,5856
Latarsha,5857
Nyree,5858
Alexa,5859
Fatima,5860
Keshia,5861
Daniela,5862
Danyelle,5863
Mendy,5864
Charissa,5865
Shantell,5866
Marquita,5867
Briana,5868
Chanel,5869
Danyell,5870
Sunshine,5871
Nia,5872
Nikia,5873
Jamila,5874
Tanika,5875
Brande,5876
Meagan,5877
Jasmin,5878
Maranda,5879
Lakeshia,5880
Kyla,5881
Syreeta,5882
Luciana,5883
Tobi,5884
Alanna,5885
Mistie,5886
Tamica,5887
Carisa,5888
Cherish,5889
Cecily,5890
Haley,5891
Mandi,5892
Daniele,5893
Tamisha,5894
Tanesha,5895
Danyel,5896
Gabriella,5897
Tiana,5898
Mandie,5899
Harmony,5900
Shameka,5901
Spring,5902
Destiny,5903
Nakisha,5904
Tamekia,5905
Ayana,5906
Rashida,5907
Yadira,5908
Alesha,5909
Kacey,5910
Shawanda,5911
Shamika,5912
Takisha,5913
Pepper,5914
Kandice,5915
Alina,5916
Meggan,5917
Farrah,5918
Tennille,5919
Nadia,5920
Rhiannon,5921
Jillian,5922
January,5923
Khalilah,5924
Janae,5925
Jaimee,5926
Farah,5927
Chana,5928
Sommer,5929
Shayna,5930
Shasta,5931
Torrie,5932
Ashlee,5933
Carina,5934
Chaka,5935
Trish,5936
Rayna,5937
Brianna,5938
Eboni,5939
Kenisha,5940
Caitlin,5941
Latoria,5942
Torie,5943
Venessa,5944
Shanika,5945
Shandra,5946
Kizzy,5947
Qiana,5948
Talia,5949
Hayley,5950
Shawnte,5951
Shante,5952
Salena,5953
Liana,5954
Quiana,5955
Kamilah,5956
Shalon,5957
Latesha,5958
Iesha,5959
Brittney,5960
Danica,5961
Jenelle,5962
Yasmin,5963
Lashunda,5964
Malia,5965
Adrianna,5966
Tarah,5967
Tenisha,5968
Shawnna,5969
Chante,5970
Karissa,5971
Corie,5972
Chrissy,5973
Kylie,5974
Aja,5975
Meghann,5976
Crissy,5977
Meaghan,5978
Shavon,5979
Brianne,5980
Krissy,5981
Shavonne,5982
Lacie,5983
Shanita,5984
Desirae,5985
Abbey,5986
Lyndsey,5987
Shaunna,5988
Marlana,5989
Ariane,5990
Kylee,5991
Sierra,5992
Leia,5993
Natosha,5994
Ariana,5995
Somer,5996
Ashleigh,5997
Star,5998
Alaina,5999
Casie,6000
Kindra,6001
Precious,6002
Kiana,6003
Winter,6004
Viviana,6005
Breanne,6006
Siobhan,6007
Maren,6008
Kylene,6009
Breanna,6010
Ashanti,6011
Asia,6012
Lyndsay,6013
Sharee,6014
Kacy,6015
Princess,6016
Ayesha,6017
Rikki,6018
Lynsey,6019
Shaneka,6020
Linsey,6021
Loni,6022
Perla,6023
Kristyn,6024
Anya,6025
Mariana,6026
Renada,6027
Kacie,6028
Britney,6029
Reyna,6030
Chimere,6031
Kaci,6032
Brynn,6033
Laci,6034
Tai,6035
Ashlie,6036
Jessi,6037
Tatiana,6038
Kati,6039
Krystle,6040
Tierra,6041
Tiara,6042
Fallon,6043
Evita,6044
Kaitlin,6045
Martine,6046
Kassandra,6047
Jesica,6048
Alexia,6049
Toccara,6050
Latoyia,6051
Tashina,6052
Chaya,6053
Joi,6054
Daniella,6055
Katelyn,6056
Kandace,6057
Shanell,6058
Kourtney,6059
Nereida,6060
Jazmin,6061
Chelsey,6062
Kaleena,6063
Kala,6064
Kassie,6065
Jenilee,6066
Emilee,6067
Cassondra,6068
Shaina,6069
Shakira,6070
Ciara,6071
Hailey,6072
Kali,6073
Shena,6074
Falon,6075
Tawny,6076
Arielle,6077
Ashly,6078
Chelsie,6079
Tenika,6080
Sharita,6081
Cristen,6082
Tabetha,6083
Krysta,6084
Carley,6085
Arianna,6086
Mallory,6087
Kaitlyn,6088
Ciji,6089
Ashely,6090
Giselle,6091
Tess,6092
Maegan,6093
Echo,6094
Dwan,6095
Britni,6096
Ashli,6097
Paola,6098
Ashlea,6099
Caitlyn,6100
Tyesha,6101
Maira,6102
Brittani,6103
Tasia,6104
Grisel,6105
Kaylee,6106
Shenna,6107
Teela,6108
Savanna,6109
Breann,6110
Mckenzie,6111
Janessa,6112
Kasandra,6113
Markita,6114
Karly,6115
Magen,6116
Dannielle,6117
Cierra,6118
Sade,6119
Krystina,6120
Micaela,6121
Ciera,6122
Brittni,6123
Kayleigh,6124
Britany,6125
Alyse,6126
Deandra,6127
Brittny,6128
Kaley,6129
Alysha,6130
Jazmine,6131
Shaquita,6132
Krysten,6133
Brittanie,6134
Krystin,6135
Magan,6136
Katelin,6137
Violeta,6138
Kasie,6139
Jessika,6140
Kelsie,6141
Mariel,6142
Shira,6143
Jaqueline,6144
Amberly,6145
Samatha,6146
Eliana,6147
Kaleigh,6148
Nakita,6149
Phylicia,6150
Brittaney,6151
Katlyn,6152
Shardae,6153
Jerrica,6154
Porsha,6155
Britta,6156
Sharde,6157
Cherrelle,6158
Katelynn,6159
Mallorie,6160
Cherelle,6161
Malorie,6162
Sable,6163
Kaila,6164
Ashlyn,6165
Shanae,6166
Sharday,6167
Fabiola,6168
Iliana,6169
Kyrie,6170
Leandra,6171
Shatara,6172
Kortney,6173
Janay,6174
Ayla,6175
Cayla,6176
Yessenia,6177
Skye,6178
Kelsi,6179
Jerica,6180
Tiera,6181
Jesenia,6182
Kaela,6183
Karli,6184
Porsche,6185
Kalyn,6186
Chanelle,6187
Alessandra,6188
Lakendra,6189
Lauryn,6190
Kaycee,6191
Kailey,6192
Denisse,6193
Jessenia,6194
Anjelica,6195
Sarai,6196
Tianna,6197
Kaylin,6198
Kaylyn,6199
Denisha,6200
Stephani,6201
Kaylie,6202
Danae,6203
Shanice,6204
Jaleesa,6205
Jalisa,6206
Whitley,6207
Deja,6208
Taja,6209
Chelsi,6210
Genesis,6211
Katlin,6212
Kimber,6213
Brittnee,6214
Kierra,6215
Alexandrea,6216
Anais,6217
Allyssa,6218
Kiersten,6219
Breana,6220
Diandra,6221
Sarina,6222
Lizbeth,6223
Kiera,6224
Katarina,6225
Jalissa,6226
Hali,6227
Carli,6228
Tiarra,6229
Grecia,6230
Moriah,6231
Kaitlynn,6232
Brittnie,6233
Flor,6234
Elizabet,6235
Alexandr,6236
Britny,6237
Katherin,6238
Mikayla,6239
Audrianna,6240
Kirstie,6241
Asha,6242
Kallie,6243
Kelsea,6244
Bryanna,6245
Audriana,6246
Danika,6247
Gianna,6248
Makayla,6249
Martika,6250
Mikaela,6251
Destinee,6252
Brittnay,6253
Yajaira,6254
Yasmine,6255
Shaniqua,6256
Shanelle,6257
Lizeth,6258
Joana,6259
Ryann,6260
Isamar,6261
Latifah,6262
Kanisha,6263
Rubi,6264
Mariela,6265
Symone,6266
Ivana,6267
Heaven,6268
Lucero,6269
Shelbi,6270
Alysa,6271
Dulce,6272
Brooklyn,6273
Nataly,6274
Imani,6275
Kalie,6276
Alannah,6277
Fiona,6278
Kanesha,6279
Laken,6280
Haleigh,6281
Eryn,6282
Elyssa,6283
Shelbie,6284
Demi,6285
Ieshia,6286
Makenzie,6287
Shanequa,6288
Karlee,6289
Haylee,6290
Cheyanne,6291
Estefania,6292
Halie,6293
Chynna,6294
Karlie,6295
Stormy,6296
Delaney,6297
Carlee,6298
Kailee,6299
Alayna,6300
Mckenna,6301
Shaquana,6302
Tiesha,6303
Brielle,6304
Marcela,6305
Myranda,6306
Miriah,6307
Alexus,6308
Kelcie,6309
Emerald,6310
Giovanna,6311
Bryana,6312
China,6313
Essence,6314
Bria,6315
Aracely,6316
Aubree,6317
Chelsy,6318
Miesha,6319
Cinthia,6320
Brianda,6321
Hailee,6322
Karley,6323
Ashlynn,6324
Macey,6325
Tatyana,6326
Shawnee,6327
Brea,6328
Joselyn,6329
Ivonne,6330
Katerina,6331
Marlee,6332
Breonna,6333
Shaniece,6334
Kaylynn,6335
Kinsey,6336
Kenia,6337
Destini,6338
Kayley,6339
Lexus,6340
Selene,6341
Yaritza,6342
Khadijah,6343
Kadijah,6344
Halle,6345
Brionna,6346
Destiney,6347
Jazmyn,6348
Yazmin,6349
Itzel,6350
Kassidy,6351
Coraima,6352
Shannen,6353
Kailyn,6354
Kalene,6355
Katlynn,6356
Lexi,6357
Deyanira,6358
Yasmeen,6359
Shyanne,6360
Viridiana,6361
Kaylene,6362
Crysta,6363
Reina,6364
Alondra,6365
Kayli,6366
Nayeli,6367
Jasmyn,6368
Aspen,6369
Jasmyne,6370
Paloma,6371
Eleni,6372
Hana,6373
Aaliyah,6374
Aliyah,6375
Dalia,6376
Zhane,6377
Mckayla,6378
Clarisa,6379
Mikala,6380
Dayana,6381
Maddison,6382
Kianna,6383
Kenzie,6384
Bailee,6385
Sydnee,6386
Haylie,6387
Nohely,6388
Makenna,6389
Vanesa,6390
Cydney,6391
Aleah,6392
Shyann,6393
Valentina,6394
Caitlynn,6395
Tatum,6396
Adilene,6397
Isis,6398
Tatianna,6399
Baylee,6400
Shania,6401
Jocelyne,6402
Daisha,6403
Kaelyn,6404
Jayla,6405
Dasia,6406
Emely,6407
Sydni,6408
Abbigail,6409
Miracle,6410
Zoey,6411
Unique,6412
Iridian,6413
Brooklynn,6414
Alia,6415
Keanna,6416
Alivia,6417
Daija,6418
Sydnie,6419
Fernanda,6420
Daja,6421
Lesly,6422
Annika,6423
Kyleigh,6424
Sienna,6425
Ciarra,6426
Maci,6427
Destany,6428
Tamia,6429
Moesha,6430
Odalys,6431
Yamilex,6432
Zaria,6433
Mireya,6434
Alize,6435
Xena,6436
Dania,6437
Katia,6438
Maia,6439
Amani,6440
Shianne,6441
Madisen,6442
Odalis,6443
Kaylah,6444
Sarahi,6445
Jailene,6446
Jazlyn,6447
Alyssia,6448
Chyna,6449
Estefany,6450
Ansley,6451
Madyson,6452
Jaycie,6453
Jacey,6454
Lexis,6455
Daijah,6456
Joslyn,6457
Dejah,6458
Yulissa,6459
Anahi,6460
Aylin,6461
Julisa,6462
Salma,6463
Madisyn,6464
Erykah,6465
Gisselle,6466
Raegan,6467
Tea,6468
Estrella,6469
Jayda,6470
Rylie,6471
Makala,6472
Taya,6473
Kaylan,6474
Camila,6475
Annalise,6476
Jazmyne,6477
Keeley,6478
Shaylee,6479
Savana,6480
Madelynn,6481
Micayla,6482
Maeve,6483
Nautica,6484
Cali,6485
Serenity,6486
Yulisa,6487
Baylie,6488
Samara,6489
Mya,6490
Ally,6491
Myah,6492
Reanna,6493
Madilyn,6494
Felicity,6495
Ireland,6496
Skyla,6497
Willow,6498
Jaida,6499
Abigayle,6500
Jaelyn,6501
Rhianna,6502
Amira,6503
Shae,6504
Zoie,6505
Caleigh,6506
Abril,6507
Deasia,6508
Kaylen,6509
Tayla,6510
Alexys,6511
Jaycee,6512
Jayde,6513
Kennedi,6514
Amaya,6515
Piper,6516
Aniya,6517
Noelia,6518
Kiarra,6519
Shaniya,6520
Keara,6521
Emmalee,6522
Aiyana,6523
Miya,6524
Jalyn,6525
Nyasia,6526
Aniyah,6527
Jaylene,6528
Kyara,6529
Citlalli,6530
Abigale,6531
Isabela,6532
Tatyanna,6533
Journey,6534
Ryleigh,6535
Aliya,6536
Sky,6537
Shyla,6538
Bryn,6539
Abagail,6540
Izabella,6541
Nya,6542
Saige,6543
Jakayla,6544
Litzy,6545
Brisa,6546
Amya,6547
Jackeline,6548
Kaya,6549
Jaquelin,6550
Hailie,6551
Nyah,6552
Amara,6553
Dariana,6554
Yamilet,6555
Monserrat,6556
Cielo,6557
Aryanna,6558
Anaya,6559
Arely,6560
Kaia,6561
Maryam,6562
Anjali,6563
Lilliana,6564
Amiya,6565
Belen,6566
Aliza,6567
Keira,6568
Janiya,6569
Ashtyn,6570
Neha,6571
Laisha,6572
Amina,6573
Jailyn,6574
Kenna,6575
Iyana,6576
Maiya,6577
Marlen,6578
Nevaeh,6579
Ainsley,6580
Yuliana,6581
Beyonce,6582
Nayely,6583
Johana,6584
Nallely,6585
Kaiya,6586
Meadow,6587
Makaila,6588
Kya,6589
Ximena,6590
Jimena,6591
Melany,6592
Jamya,6593
Taina,6594
Aubrie,6595
Frida,6596
Kaliyah,6597
Mikaila,6598
Taliyah,6599
Taniya,6600
Citlali,6601
Annabella,6602
Dafne,6603
Hayleigh,6604
Yoselin,6605
Areli,6606
Madalynn,6607
Priscila,6608
Miah,6609
Keila,6610
Natalya,6611
Jaylynn,6612
Rianna,6613
Sheyla,6614
Aryana,6615
Elle,6616
Lisbeth,6617
Evelin,6618
Makena,6619
Jaliyah,6620
Keyla,6621
Giana,6622
Maleah,6623
Shreya,6624
Maliyah,6625
Samira,6626
Jalynn,6627
Galilea,6628
Riya,6629
Cadence,6630
Iyanna,6631
Kiya,6632
Jaylyn,6633
Estefani,6634
Yareli,6635
Dayanara,6636
Janiyah,6637
Taniyah,6638
Sanaa,6639
Yahaira,6640
Kadence,6641
Amiyah,6642
Tamya,6643
Sherlyn,6644
Natalee,6645
Lainey,6646
Angeles,6647
Karyme,6648
Arly,6649
Saniya,6650
Sariah,6651
Kaydence,6652
Alani,6653
Amaris,6654
Charlize,6655
Kimora,6656
Xiomara,6657
Marin,6658
Diya,6659
Treasure,6660
Aleena,6661
Saniyah,6662
Addyson,6663
Karis,6664
Gracelyn,6665
Jaylee,6666
Nathaly,6667
Livia,6668
Jayleen,6669
Janiah,6670
Gwyneth,6671
Zariah,6672
Averie,6673
Heidy,6674
Mikalah,6675
Arleth,6676
Karma,6677
Siena,6678
Jaelynn,6679
Anabelle,6680
Naima,6681
Anneliese,6682
Zara,6683
Elliana,6684
Kinsley,6685
Selah,6686
Jolette,6687
Brylee,6688
Myla,6689
Yuridia,6690
Montserrat,6691
Valery,6692
Lilianna,6693
Leyla,6694
Rihanna,6695
Addisyn,6696
Akeelah,6697
Adison,6698
Lilyana,6699
Nathalia,6700
Paisley,6701
Yaretzi,6702
Scarlet,6703
Braelyn,6704
Kamila,6705
Cailyn,6706
Bethzy,6707
Adyson,6708
Joselin,6709
Mariyah,6710
Kinley,6711
Jaylah,6712
Charlee,6713
Adamaris,6714
Malaya,6715
Khloe,6716
Amirah,6717
Briley,6718
Jorja,6719
Rayne,6720
Sanai,6721
Dahlia,6722
Lorelai,6723
Neveah,6724
Izabelle,6725
Miley,6726
Mylee,6727
Jordin,6728
Jaslene,6729
Audrina,6730
Azul,6731
Marely,6732
Shiloh,6733
Madilynn,6734
Jaeda,6735
Jazlynn,6736
Londyn,6737
Giada,6738
Adelyn,6739
Jocelynn,6740
Mylie,6741
Adalyn,6742
Aliana,6743
Giuliana,6744
Azaria,6745
Zaniyah,6746
Alyvia,6747
Joseline,6748
Kelis,6749
Lillianna,6750
Kylah,6751
Hadassah,6752
Allisson,6753
Caylee,6754
Mareli,6755
Dayami,6756
Alisson,6757
Nylah,6758
Jazlene,6759
Adalynn,6760
Jaslyn,6761
Gemma,6762
Lailah,6763
Brynlee,6764
Raelynn,6765
Marlie,6766
Anabella,6767
Ariella,6768
Kamora,6769
Paityn,6770
Payten,6771
Amiah,6772
Averi,6773
Avah,6774
Karsyn,6775
Jamiya,6776
Laylah,6777
Carleigh,6778
Kenley,6779
Sloane,6780
Elianna,6781
